,District Number,School Number,School Name,Demographic Description,Ending Status,Four Year Percent,Four Year Total,Physical Line 1,Physical City,Physical State,Physical Zip,Latitude,Longitude
0,1,1,AITKIN SECONDARY SCHOOL,All Students,Graduate,90.8,87.0,306 2nd St NW,Aitkin,MN,56431,46.5336663,-93.71121749999999
1,1,307,BASIC SKILLS-4,All Students,Graduate,77.36,106.0,1250 W Broadway Ave,Minneapolis,MN,55411,44.9998636,-93.2965675
2,1,346,800 W BROADWAY,All Students,Graduate,3.57,28.0,1250 West Broadway,Minneapolis,MN,55411,44.9998636,-93.2965675
3,1,347,FAIR SENIOR HIGH,All Students,Graduate,79.37,63.0,10 South 10th Street,Minneapolis,MN,55403,44.9724537,-93.27111599999999
4,1,348,MERC,All Students,Graduate,3.7,27.0,2539 Pleasant Ave,Minneapolis,MN,55404-4213,44.9559698,-93.28263079999999
5,1,349,LORING-NICOLLET HIGH,All Students,Graduate,37.5,24.0,1925 Nicollet Ave S,Minneapolis,MN,55403,44.9630507,-93.27745589999999
6,1,352,EDISON SENIOR HIGH,All Students,Graduate,59.81,214.0,700 22nd Ave NE,Minneapolis,MN,55418,45.0093165,-93.2516764
9,1,353,LONGFELLOW ALTERNATIVE,All Students,Graduate,12.9,31.0,3017 E 31st St,Minneapolis,MN,55406,44.946428,-93.22780569999999
10,1,354,HENRY SENIOR HIGH,All Students,Graduate,70.91,220.0,4320 Newton Ave N,Minneapolis,MN,55412,45.0344106,-93.30537609999999
13,1,357,PLYMOUTH YOUTH CENTER,All Students,Graduate,15.38,65.0,2210 Oliver Ave N,Minneapolis,MN,55411,45.00172509999999,-93.3066218
14,1,360,ROOSEVELT SENIOR HIGH,All Students,Graduate,67.19,192.0,4029 28th Ave S,Minneapolis,MN,55406,44.9295149,-93.2305542
18,1,362,SOUTH SENIOR HIGH,All Students,Graduate,79.13,436.0,3131 19th Ave S,Minneapolis,MN,55407,44.9456084,-93.243963
22,1,363,WELLSTONE INTERNATIONAL HIGH,All Students,Graduate,41.58,101.0,3328 Elliot Avenue South,Minneapolis,MN,55407,44.9417519,-93.261663
23,1,364,SOUTHWEST SENIOR HIGH,All Students,Graduate,86.81,417.0,3414 W 47th St,Minneapolis,MN,55410,44.9182547,-93.3234571
27,1,368,WASHBURN SENIOR HIGH,All Students,Graduate,86.91,359.0,201 W 49th St,Minneapolis,MN,55419,44.9135166,-93.2824163
30,1,373,MENLO PARK ACADEMY,All Students,Graduate,0.0,20.0,1700 2nd St NE,Minneapolis,MN,55413,45.0055328,-93.2667237
31,1,375,NORTH ACADEMY SENIOR HIGH,All Students,Graduate,58.23,79.0,1500 James Ave N,Minneapolis,MN,55411,44.9940012,-93.3000797
34,1,382,HARRISON EDUCATION CENTER,All Students,Graduate,9.09,11.0,501 Irving Ave N,Minneapolis,MN,55405,44.9825443,-93.2995779
36,1,390,HERITAGE STEM ACADEMY,All Students,Graduate,96.3,27.0,1042 18th Ave SE,Minneapolis,MN,55414,44.9889976,-93.22621600000001
38,1,392,ALC EXTENDED DAY,All Students,Graduate,0.0,14.0,1250 West Broadway,Minneapolis,MN,55411,44.9998636,-93.2965675
39,1,393,AMERICAN INDIAN OIC,All Students,Graduate,33.33,18.0,1845 E Franklin Ave,Minneapolis,MN,55404,44.9617939,-93.2461234
40,1,415,MINNEAPOLIS ON LINE LEARNING,All Students,Graduate,29.17,24.0,1250 West Broadway Ave,Minneapolis,MN,55411,44.9998636,-93.2965675
41,1,419,VOA HIGH SCHOOL,All Students,Graduate,6.0,50.0,924 19th Ave S,Minneapolis,MN,55404,44.9631036,-93.2460218
48,1,685,STADIUM VIEW,All Students,Graduate,12.5,24.0,510 Park Ave,Minneapolis,MN,55415,44.9747731,-93.2616024
49,1,688,MPS METRO HA,All Students,Graduate,0.0,11.0,425 5th St NE,Minneapolis,MN,55413,44.9943824,-93.25621509999999
50,2,3,HILL CITY SENIOR HIGH,All Students,Graduate,95.24,21.0,500 Ione Ave,Hill City,MN,55748,46.99187939999999,-93.605277
51,4,40,MCGREGOR SECONDARY,All Students,Graduate,95.24,21.0,148 S 2nd St,McGregor,MN,55760,46.6060026,-93.3044953
52,6,120,SOUTH ST. PAUL SECONDARY,All Students,Graduate,95.5,200.0,700 N 2nd St,South Saint Paul,MN,55075,44.89196560000001,-93.0426899
53,6,303,S ST. PAUL COMMUNITY LRNG. CNTR.,All Students,Graduate,29.09,55.0,141 - 6th Street South,South Saint Paul,MN,55075,44.8797682,-93.0333677
54,11,1,ANOKA HIGH SCHOOL,All Students,Graduate,91.84,515.0,3939 N 7th Ave,Anoka,MN,55303-1299,45.2240394,-93.37914649999999
55,11,2,COON RAPIDS HIGH SCHOOL,All Students,Graduate,88.67,406.0,2340 Northdale Blvd,Coon Rapids,MN,55433-3097,45.1810318,-93.3259391
56,11,91,BLAINE HIGH SCHOOL,All Students,Graduate,91.88,653.0,12555 University Ave NE,Blaine,MN,55434-2199,45.1992637,-93.263618
57,11,94,ANDOVER HIGH SCHOOL,All Students,Graduate,97.04,406.0,2115 Andover Blvd NW,Andover,MN,55304-3407,45.2383733,-93.31952849999999
58,11,110,ANOKA-HENNEPIN REGIONAL HIGH SCHOOL,All Students,Graduate,31.52,92.0,1313 Coon Rapids Blvd NW,Coon Rapids,MN,55433-5362,45.153034,-93.2998035
59,11,111,ANOKA-HENNEPIN REGIONAL NIGHT SCHOOL,All Students,Graduate,8.33,12.0,1313 Coon Rapids Blvd NW,Coon Rapids,MN,55433-5362,45.153034,-93.2998035
60,11,192,CHAMPLIN PARK HIGH SCHOOL,All Students,Graduate,92.55,604.0,6025 109th Ave N,Champlin,MN,55316-3488,45.15011399999999,-93.35508899999999
61,11,198,SECONDARY TECHNICAL EDUCATION PROGRAM S.T.E.P.,All Students,Graduate,53.49,43.0,1353 W Hwy 10,Anoka,MN,55303-1564,45.12078959999999,-93.2380955
62,11,434,ANOKA-HENNEPIN TECHNICAL HIGH SCHOOL,All Students,Graduate,9.46,74.0,1355 Hwy 10,Anoka,MN,55303,45.216775,-93.41706839999999
65,11,467,RIVER TRAIL LEARNING CTR @ LO JACOB,All Students,Graduate,36.36,11.0,1700 Coon Rapids Blvd,Coon Rapids,MN,55448-4789,45.155711,-93.30986
67,11,898,STEP AHEAD HIGH SCHOOL,All Students,Graduate,61.63,86.0,1353 West Highway 10,Anoka,MN,55303,45.21614030000001,-93.41515340000001
68,11,975,ANOKA-HENNEPIN REGIONAL HS SUMMER PROGRAM,All Students,Graduate,98.56,139.0,1313 Coon Rapids Blvd NW,Coon Rapids,MN,55433-5362,45.153034,-93.2998035
69,12,158,PINES SCHOOL - ACS,All Students,Graduate,0.0,16.0,7555 4th Avenue,Lino Lakes,MN,55014,45.18134999999999,-93.12417699999999
70,12,159,PINES SCHOOL - NSP,All Students,Graduate,7.14,14.0,7555 4th Avenue,Lino Lakes,MN,55014,45.18134999999999,-93.12417699999999
71,12,161,PINES SCHOOL - RJC,All Students,Graduate,4.17,24.0,7555 4th Ave,Lino Lakes,MN,55014,45.18134999999999,-93.12417699999999
72,12,164,CENTENNIAL HIGH SCHOOL,All Students,Graduate,94.88,449.0,4757 N Rd,Circle Pines,MN,55014-1545,45.1547262,-93.14880439999999
73,12,167,CENTENNIAL AREA LEARNING CENTER,All Students,Graduate,33.33,33.0,4203 Woodland Rd,Circle Pines,MN,55014-9999,45.1392217,-93.16189349999999
75,13,16,COLUMBIA HEIGHTS SENIOR HIGH,All Students,Graduate,86.19,181.0,1400 49th Ave NE,Columbia Heights,MN,55421,45.0552673,-93.23974299999999
76,14,22,FRIDLEY SENIOR HIGH,All Students,Graduate,91.79,195.0,6000 W Moore Lake Dr,Fridley,MN,55432,45.0765094,-93.25229800000001
78,14,552,FRIDLEY MOORE LAKE AREA LEARNING CENTER,All Students,Graduate,30.95,42.0,1317 Rice Creek Road,Fridley,MN,55432,45.0826989,-93.236955
79,15,15,SAINTS ONLINE,All Students,Graduate,57.14,28.0,4111 Ambassador Blvd NW,Saint Francis,MN,55070,45.4000652,-93.3716355
81,15,18,SAINTS ACADEMY,All Students,Graduate,34.62,26.0,4111 Ambassador Blvd NW ,Saint Francis,MN,55070,45.4000652,-93.3716355
82,15,122,ST. FRANCIS HIGH,All Students,Graduate,94.7,283.0,3325 Bridge St,Saint Francis,MN,55070-9537,45.389565,-93.34955900000001
83,16,45,SPRING LAKE PARK SENIOR HIGH,All Students,Graduate,84.75,354.0,1100 81st Ave NE,Spring Lake Park,MN,55432-2098,45.1122656,-93.2453965
84,16,780,DISTANCE LEARNING INDEP STUDY,All Students,Graduate,25.0,16.0,1100 81st Ave NE,Spring Lake Park,MN,55432-2071,45.1122656,-93.2453965
85,22,3,DETROIT LAKES SENIOR HIGH,All Students,Graduate,91.88,197.0,1301 Roosevelt Ave,Detroit Lakes,MN,56501-4499,46.8082747,-95.8373007
87,22,42,DETROIT LAKES AREA LEARNING CENTER,All Students,Graduate,64.29,28.0,900 Hwy 34 E,Detroit Lakes,MN,56501,46.8263949,-95.8329499
88,23,20,FRAZEE SECONDARY,All Students,Graduate,100.0,63.0,305 N Lake St,Frazee,MN,56544,46.73011899999999,-95.6986804
89,31,20,BEMIDJI SENIOR HIGH,All Students,Graduate,85.25,305.0,2900 Division St W,Bemidji,MN,56601-5668,47.466093,-94.9238057
91,31,160,FIRST CITY SCHOOL,All Students,Graduate,3.23,31.0,1230 5th St NW,Bemidji,MN,56601-5668,47.4721603,-94.89687839999999
92,31,170,BEMIDJI AREA LEARNING CENTER,All Students,Graduate,26.53,49.0,802 Paul Bunyan Dr NW,Bemidji,MN,56601-5668,47.4906245,-94.891919
93,32,20,BLACKDUCK SECONDARY,All Students,Graduate,80.49,41.0,156 1st St NE,Blackduck,MN,56630-0342,47.7312965,-94.54607999999999
94,36,20,KELLIHER SECONDARY,All Students,Graduate,93.75,16.0,345 4th St NW,Kelliher,MN,56650-0259,47.9438861,-94.4528211
95,38,30,RED LAKE SECONDARY,All Students,Graduate,39.22,51.0,23990 Hwy 1 E,Red Lake,MN,56671-0499,47.8781966,-95.014641
96,38,35,RED LAKE ALTERNATIVE LEARNING,All Students,Graduate,8.51,47.0,23990 Hwy 1 E,Red Lake,MN,56671-0499,47.8781966,-95.014641
97,47,1,SAUK RAPIDS-RICE SENIOR HIGH,All Students,Graduate,89.9,297.0,1835 Osauka Rd NE,Sauk Rapids,MN,56379,45.6096178,-94.1264166
98,51,20,FOLEY SENIOR HIGH,All Students,Graduate,93.1,145.0,621 Penn St,Foley,MN,56329,45.669566,-93.9103344
99,75,20,ST. CLAIR SECONDARY,All Students,Graduate,100.0,55.0,121 Main St West,Saint Clair,MN,56080-0099,44.08165150000001,-93.85932679999999
100,77,130,MANKATO WEST SENIOR HIGH,All Students,Graduate,91.36,301.0,1351 S Riverfront Dr,Mankato,MN,56001-8713,44.15892729999999,-94.0176684
103,77,160,MANKATO EAST SENIOR HIGH,All Students,Graduate,92.11,228.0,2600 Hoffman Rd,Mankato,MN,56001-8726,44.15656999999999,-93.96068900000002
106,77,220,CENTRAL HIGH AREA LEARNING CENTER,All Students,Graduate,54.0,50.0,110 Fulton St,Mankato,MN,56001-3999,44.1574407,-94.0093729
108,81,20,COMFREY SECONDARY,All Students,Graduate,90.0,10.0,305 Ochre St,Comfrey,MN,56019-1166,44.109306,-94.90807850000002
109,84,20,SLEEPY EYE SEC.,All Students,Graduate,89.8,49.0,400 4th Ave SW,Sleepy Eye,MN,56085-1204,44.2932844,-94.7280311
110,85,1,SPRINGFIELD SECONDARY,All Students,Graduate,96.08,51.0,12 S Burns,Springfield,MN,56087,44.2388001,-94.98203319999999
111,88,50,NEW ULM HIGH SCHOOL,All Students,Graduate,94.87,156.0,1600 Oak Street,New Ulm,MN,56073,44.3147075,-94.4884361
112,91,2,BARNUM SECONDARY,All Students,Graduate,92.86,56.0,3675 County Rd 140,Barnum,MN,55707,46.5064782,-92.6796839
113,93,1,CARLTON SECONDARY,All Students,Graduate,97.14,35.0,405 School Ave,Carlton,MN,55718-0310,46.6653502,-92.4219423
114,94,103,CLOQUET AREA ALT. ED. PROGRAMS,All Students,Graduate,33.33,33.0,302 14th St,Cloquet,MN,55720-2162,46.7173598,-92.4485646
115,94,202,CLOQUET SENIOR,All Students,Graduate,94.37,142.0,1000 18th St,Cloquet,MN,55720-2438,46.71030409999999,-92.4422213
117,95,20,CROMWELL-WRIGHT SECONDARY,All Students,Graduate,93.75,16.0,5624 Hwy 210,Cromwell,MN,55726-0007,46.6784886,-92.88528050000001
118,97,10,MOOSE LAKE SECONDARY,All Students,Graduate,83.33,42.0,4812 County Rd 10,Moose Lake,MN,55767-9422,46.42834930000001,-92.7619635
119,99,1,LINCOLN SECONDARY,All Students,Graduate,100.0,92.0,2 E Highway 61,Esko,MN,55733-9629,46.7058673,-92.36187319999999
120,99,1,LINCOLN SECONDARY,All Students,Graduate,100.0,92.0,300 S Garden Street,Lake City,MN,55041-1664,44.4445728,-92.26657829999999
121,813,40,LINCOLN SECONDARY,All Students,Graduate,91.3,92.0,2 E Highway 61,Esko,MN,55733-9629,46.7058673,-92.36187319999999
122,813,40,LINCOLN SECONDARY,All Students,Graduate,91.3,92.0,300 S Garden Street,Lake City,MN,55041-1664,44.4445728,-92.26657829999999
123,100,2,WRENSHALL SECONDARY,All Students,Graduate,85.71,21.0,207 Pioneer Dr,Wrenshall,MN,55797,46.6172937,-92.38229249999999
125,108,20,CENTRAL SENIOR HIGH,All Students,Graduate,96.12,103.0,531 Central Ave,Norwood Young America,MN,55368,44.7759355,-93.9194322
126,108,20,CENTRAL SENIOR HIGH,All Students,Graduate,96.12,103.0,275 Lexington Pkwy N,Saint Paul,MN,55104-5400,44.9494432,-93.1481055
127,625,210,CENTRAL SENIOR HIGH,All Students,Graduate,85.1,396.0,531 Central Ave,Norwood Young America,MN,55368,44.7759355,-93.9194322
128,625,210,CENTRAL SENIOR HIGH,All Students,Graduate,85.1,396.0,275 Lexington Pkwy N,Saint Paul,MN,55104-5400,44.9494432,-93.1481055
129,110,310,WACONIA HIGH SCHOOL,All Students,Graduate,98.49,265.0,1650 Community Dr,Waconia,MN,55387,44.836073,-93.819897
130,110,601,WACONIA LEARNING CENTER,All Students,Graduate,70.37,27.0,1800 Community Dr,Waconia,MN,55387,44.8367388,-93.8213383
131,111,842,WATERTOWN MAYER HIGH,All Students,Graduate,96.58,117.0,1001 Hwy 25 NW,Watertown,MN,55388,44.9715484,-93.8575031
132,112,60,CHASKA HIGH SCHOOL,All Students,Graduate,97.52,322.0,545 Pioneer Trail,Chaska,MN,55318-1499,44.8236532,-93.58997000000001
133,112,64,CHANHASSEN HIGH SCHOOL,All Students,Graduate,96.88,416.0,2200 Lyman Blvd.,Chanhassen,MN,55317,44.8448786,-93.5744679
134,112,65,INTEGRATED ARTS ACADEMY,All Students,Graduate,69.57,23.0,11 Peavy Road,Chaska,MN,55318,44.8416217,-93.59685259999999
137,113,20,WALKER-HACKENSACK-AKELEY SEC.,All Students,Graduate,87.5,56.0,301 4th St,Walker,MN,56484,47.0983757,-94.5783424
138,115,30,CASS LAKE-BENA SECONDARY,All Students,Graduate,55.1,49.0,15308 State 371 NW,Cass Lake,MN,56633-3373,47.355654,-94.61302099999999
139,115,31,CASS LAKE-BENA AREA LRNG. CNTR.,All Students,Graduate,27.42,62.0,208 Central Ave NW,Cass Lake,MN,56633-3373,47.3800019,-94.60394730000002
140,116,20,PILLAGER SENIOR HIGH SCHOOL,All Students,Graduate,93.22,59.0,323 E 2nd St S,Pillager,MN,56473,46.3275047,-94.4711292
141,118,20,NORTHLAND SECONDARY,All Students,Graduate,80.95,21.0,316 Main St E,Remer,MN,56672-9701,47.05827559999999,-93.9104519
143,129,40,MONTEVIDEO SENIOR HIGH,All Students,Graduate,90.72,97.0,1501 William Ave,Montevideo,MN,56265-2299,44.9380166,-95.7080301
144,138,30,NORTH BRANCH SENIOR HIGH,All Students,Graduate,83.71,221.0,38175 Grand Ave,North Branch,MN,55056-0370,45.502762,-92.967875
145,138,70,DISTANCE LEARNING PROGRAM,All Students,Graduate,100.0,14.0,38423 Lincoln Trail,North Branch,MN,55056-0370,45.5084323,-92.9665897
146,139,20,RUSH CITY SECONDARY,All Students,Graduate,91.94,62.0,51001 Fairfield Ave,Rush City,MN,55069-1261,45.690023,-92.980986
147,146,40,BARNESVILLE SECONDARY,All Students,Graduate,95.08,61.0,302 3rd St SE,Barnesville,MN,56514-0189,46.650959,-96.416822
148,150,20,HAWLEY SECONDARY,All Students,Graduate,95.77,71.0,714 Joseph St,Hawley,MN,56549,46.8833271,-96.3198499
149,152,382,MOORHEAD HIGH SCHOOL,All Students,Graduate,82.52,389.0,2300 4th Ave S,Moorhead,MN,56560-3298,46.872105,-96.742829
152,152,960,WEST CENTRAL ACADEMY-S,All Students,Graduate,6.25,16.0,729 11th St N,Moorhead,MN,56560-2800,46.8835322,-96.7645886
153,152,980,RED RIVER AREA LEARNING CENTER,All Students,Graduate,22.92,48.0,2777 34th St S,Moorhead,MN,56560-2892,46.8486487,-96.7229959
154,160,1,MN ACADEMY FOR THE BLIND,All Students,Graduate,40.0,10.0,400 SE 6th Ave,Faribault,MN,55021-0308,44.2860185,-93.2591484
155,160,2,MN ACADEMY FOR THE DEAF,All Students,Graduate,52.94,17.0,615 Olof Hanson Dr,Faribault,MN,55021-0308,44.2967758,-93.26154509999999
156,162,20,BAGLEY SECONDARY,All Students,Graduate,92.65,68.0,1130 Main Ave N,Bagley,MN,56621,47.5347479,-95.3974099
158,166,50,COOK COUNTY SENIOR HIGH,All Students,Graduate,92.73,55.0,101 W 5th St,Grand Marais,MN,55604-1337,47.75562009999999,-90.3355687
160,173,20,MOUNTAIN LAKE SECONDARY,All Students,Graduate,100.0,38.0,450 12th St,Mountain Lake,MN,56159,43.9416891,-94.9260426
161,177,50,WINDOM SENIOR HIGH,All Students,Graduate,98.31,59.0,1400 W 17th St,Windom,MN,56101,43.8762733,-95.13033999999999
162,181,14,BRAINERD SENIOR HIGH,All Students,Graduate,91.82,391.0,702 S 5th St,Brainerd,MN,56401-4099,46.3507159,-94.205216
164,181,18,ISD 181 LEARNING CENTER,All Students,Graduate,41.38,58.0,311 10th Ave NE,Brainerd,MN,56401-4424,46.3622959,-94.1750371
165,182,1,CROSBY-IRONTON SECONDARY,All Students,Graduate,84.09,88.0,711 Poplar St,Crosby,MN,56441-1198,46.47849679999999,-93.96660310000001
166,186,20,PEQUOT LAKES SENIOR HIGH,All Students,Graduate,96.15,130.0,30805 Olson St,Pequot Lakes,MN,56472-3094,46.5993503,-94.3179548
167,191,14,BURNSVILLE HIGH SCHOOL,All Students,Graduate,85.33,559.0,600 E Hwy 13,Burnsville,MN,55337-2995,44.7820903,-93.267381
169,191,514,BURNSVILLE ALTERNATIVE HIGH SCHOOL,All Students,Graduate,48.6,107.0,2140 Diffley Rd,Eagan,MN,55122-2098,44.8056035,-93.216499
170,192,20,FARMINGTON HIGH SCHOOL,All Students,Graduate,93.44,427.0,20655 Flagstaff Ave,Farmington,MN,55024-9242,44.6524777,-93.2028314
171,192,50,DAKOTA PRAIRIE AREA LEARNING CENTER,All Students,Graduate,90.91,11.0,20655 Flagstaff Ave,Farmington,MN,55024-9242,44.6524777,-93.2028314
172,194,28,LAKEVILLE NORTH HIGH,All Students,Graduate,95.48,465.0,19600 Ipava Ave,Lakeville,MN,55044-7421,44.6651149,-93.2573316
173,194,40,LAKEVILLE SOUTH HIGH,All Students,Graduate,95.38,455.0,21135 Jacquard Ave,Lakeville,MN,55044,44.6434899,-93.2710938
174,194,90,LINK12 LAKEVILLE,All Students,Graduate,69.57,23.0,"17630 Juniper Path, Suite A",Lakeville,MN,55044-9452,44.6928461,-93.28653969999999
175,194,590,LAKEVILLE AREA LEARNING CENTER,All Students,Graduate,55.81,43.0,20950 Howland Ave,Lakeville,MN,55044-8501,44.646246,-93.243828
176,195,20,RANDOLPH SECONDARY,All Students,Graduate,95.12,41.0,29110 Davisson Ave,Randolph,MN,55065-9582,44.5266497,-93.0224191
189,196,34,ABE DIPLOMA PROGRAM,All Students,Graduate,55.32,47.0,4679 144th Street West,Apple Valley,MN,55124,44.74153829999999,-93.1604643
190,196,38,ROSEMOUNT SENIOR HIGH,All Students,Graduate,92.41,514.0,3335 142nd St W,Rosemount,MN,55068-4029,44.7446371,-93.1331594
191,196,41,EAGAN SENIOR HIGH,All Students,Graduate,95.38,498.0,4185 Braddock Tr,Eagan,MN,55123-1575,44.8075205,-93.1342119
192,196,58,ROSEMOUNT AREA LEARNING CENTER,All Students,Graduate,30.61,49.0,5840 149th St West,Apple Valley,MN,55124,44.73250609999999,-93.18322219999999
193,196,60,SCHOOL OF ENVIRONMENTAL STUDIES,All Students,Graduate,91.33,173.0,12155 Johnny Cake Ridge Rd,Apple Valley,MN,55124-8151,44.7721002,-93.1909115
194,196,88,EASTVIEW SENIOR HIGH,All Students,Graduate,95.05,485.0,6200 140th St W,Apple Valley,MN,55124-6912,44.7443545,-93.1914608
195,196,97,APPLE VALLEY SENIOR HIGH,All Students,Graduate,88.83,385.0,14450 Hayes Rd,Apple Valley,MN,55124-6797,44.742774,-93.23039899999999
196,196,100,DAKOTA RIDGE SCHOOL,All Students,Graduate,40.0,10.0,4629 144th St W,Apple Valley,MN,55124-4004,44.741506,-93.157889
197,197,53,HENRY SIBLEY HIGH SCHOOL,All Students,Graduate,92.33,313.0,1897 Delaware Ave,West Saint Paul,MN,55118-4338,44.8880191,-93.1059181
198,199,26,SIMLEY SENIOR HIGH,All Students,Graduate,89.43,265.0,2920 80th St E,Inver Grove Heights,MN,55076-3232,44.8321109,-93.0461964
199,199,226,SIMLEY ALTERNATIVE PROGRAM,All Students,Graduate,66.67,15.0,2920 80th St E,Inver Grove Heights,MN,55076-3232,44.8321109,-93.0461964
200,200,129,HASTINGS HIGH SCHOOL,All Students,Graduate,96.15,312.0,200 General Sieben Dr,Hastings,MN,55033-2486,44.74429430000001,-92.8906067
201,200,136,HASTINGS ALTERNATIVE CENTER,All Students,Graduate,87.5,16.0,213 Ramsey Street,Hastings,MN,55033-3142,44.743652,-92.849454
202,203,1,HAYFIELD SECONDARY,All Students,Graduate,94.83,58.0,9 6th Ave SE,Hayfield,MN,55940-0006,43.8877271,-92.8363286
203,204,30,KASSON-MANTORVILLE SENIOR HIGH,All Students,Graduate,98.54,137.0,101 16th St NE,Kasson,MN,55944,44.045155,-92.74322099999999
204,206,320,ALEXANDRIA AREA HIGH SCHOOL,All Students,Graduate,88.03,309.0,4300 Pioneer Road SE,Alexandria,MN,56308,45.8502372,-95.3618882
205,213,20,OSAKIS SECONDARY,All Students,Graduate,98.15,54.0,500 1st Ave E,Osakis,MN,56360-0624,45.8642958,-95.1518475
206,227,1,CHATFIELD SECONDARY,All Students,Graduate,96.83,63.0,205 Union St NE,Chatfield,MN,55923-1099,43.8552934,-92.1913039
207,229,20,LANESBORO SECONDARY,All Students,Graduate,100.0,23.0,100 Kirkwood St E,Lanesboro,MN,55949,43.7168673,-91.97626439999999
208,238,2,MABEL-CANTON SECONDARY,All Students,Graduate,95.65,23.0,316 W Fillmore Ave,Mabel,MN,55954,43.5198735,-91.7732805
209,239,2,RUSHFORD-PETERSON SENIOR HIGH,All Students,Graduate,93.02,43.0,1000 Pine Meadows Lane,Rushford,MN,55971,43.8182668,-91.7463221
210,241,310,ALBERT LEA SENIOR HIGH,All Students,Graduate,86.22,225.0,2000 Tiger Ln,Albert Lea,MN,56007-6307,43.6741653,-93.35069060000001
211,241,350,ALBERT LEA AREA LEARNING CENTER,All Students,Graduate,52.7,74.0,2200 Riverland Drive,Albert Lea,MN,56007,43.677558,-93.35308099999999
212,242,1,ALDEN-CONGER SECONDARY,All Students,Graduate,100.0,29.0,215 N Broadway,Alden,MN,56009-0099,43.6727514,-93.5741515
213,252,2,CANNON FALLS SECONDARY,All Students,Graduate,95.65,92.0,820 E Minnesota St,Cannon Falls,MN,55009-2299,44.5117434,-92.8896111
214,253,2,GOODHUE SECONDARY,All Students,Graduate,95.35,43.0,510 3rd Ave,Goodhue,MN,55027-0128,44.4017432,-92.62869719999999
215,255,20,PINE ISLAND SECONDARY,All Students,Graduate,95.29,85.0,223 1st Ave SE,Pine Island,MN,55963-3098,44.2011682,-92.6434517
216,256,108,RED WING SENIOR HIGH,All Students,Graduate,89.83,177.0,2451 Eagle Ridge Dr,Red Wing,MN,55066-7444,44.53505940000001,-92.514326
217,261,20,ASHBY SECONDARY,All Students,Graduate,100.0,13.0,300 Birch Ave,Ashby,MN,56309-0030,46.0921365,-95.82118530000001
218,270,282,HOPKINS SENIOR HIGH,All Students,Graduate,86.98,507.0,2400 Lindbergh Dr,Minnetonka,MN,55305-3124,44.9576522,-93.4131981
219,271,7,KENNEDY SENIOR HIGH,All Students,Graduate,82.67,352.0,9701 Nicollet Ave S,Bloomington,MN,55420-4498,44.8279021,-93.27528269999999
220,271,9,JEFFERSON SENIOR HIGH,All Students,Graduate,88.37,387.0,4001 W 102nd St,Bloomington,MN,55437-2699,44.8171577,-93.3318903
222,271,620,CHOICE ALTERNATIVE HIGH SCHOOL,All Students,Graduate,57.52,113.0,2575 W 88th St,Bloomington,MN,55431,44.8437787,-93.3122868
224,272,64,EDEN PRAIRIE SENIOR HIGH,All Students,Graduate,87.8,713.0,17185 Valley View Rd,Eden Prairie,MN,55346-4253,44.8719426,-93.4930929
226,273,21,EDINA SENIOR HIGH,All Students,Graduate,96.99,664.0,6754 Valley View Rd,Edina,MN,55439,44.8824106,-93.3768427
228,276,74,MINNETONKA SENIOR HIGH,All Students,Graduate,97.22,826.0,18301 Hwy 7,Minnetonka,MN,55345-4114,44.9091608,-93.51076959999999
229,277,62,MOUND WESTONKA HIGH SCHOOL,All Students,Graduate,95.35,129.0,5905 Sunnyfield Rd E,Minnetrista,MN,55364-8251,44.9549153,-93.6719506
230,278,30,ORONO SENIOR HIGH,All Students,Graduate,96.75,246.0,795 Old Crystal Bay Rd N,Long Lake,MN,55356-0026,44.994466,-93.5954448
231,279,32,OSSEO SENIOR HIGH,All Students,Graduate,90.5,442.0,317 2nd Ave NW,Osseo,MN,55369-1000,45.1208606,-93.4087831
233,279,88,PARK CENTER IB WORLD SCHOOL,All Students,Graduate,82.39,460.0,7300 Brooklyn Blvd,Brooklyn Park,MN,55443-3395,45.0891207,-93.343797
234,279,90,MAPLE GROVE SENIOR HIGH,All Students,Graduate,93.52,525.0,9800 Fernbrook Ln,Maple Grove,MN,55369-9747,45.1327231,-93.4599042
235,279,702,ALC SENIOR HIGH,All Students,Graduate,13.7,73.0,7300 Boone Ave N,Brooklyn Park,MN,55428-1001,45.0879649,-93.39072
236,279,703,ALC INDEPENDENT STUDY,All Students,Graduate,100.0,17.0,7300 Boone Ave N,Brooklyn Park,MN,55428-1001,45.0879649,-93.39072
237,280,35,RICHFIELD SENIOR HIGH,All Students,Graduate,84.31,255.0,7001 Harriet Ave S,Richfield,MN,55423-3000,44.8740986,-93.28443779999999
242,280,820,RICHFIELD COLLEGE EXPERIENCE PROGRAM,All Students,Graduate,20.0,20.0,9700 France Ave So,Bloomington,MN,55431,44.8292153,-93.3315628
243,281,50,ROBBINSDALE COOPER SENIOR HIGH,All Students,Graduate,86.24,356.0,8230 47th Ave N,New Hope,MN,55428,45.04156829999999,-93.3847332
244,281,53,ROBBINSDALE ARMSTRONG SENIOR HIGH,All Students,Graduate,88.32,428.0,10635 36th Ave N,Plymouth,MN,55441,45.0198721,-93.4163714
248,281,698,ROBBINSDALE ACADEMIC SUMMER PROGRAM,All Students,Graduate,75.0,16.0,4148 Winnetka Ave N,New Hope,MN,55427,45.03231470000001,-93.3796493
249,282,20,ST. ANTHONY VILLAGE SENIOR HIGH,All Students,Graduate,96.67,180.0,3303 33rd Ave NE,Saint Anthony,MN,55418-9971,45.029112,-93.2146733
250,283,40,ST. LOUIS PARK SENIOR HIGH,All Students,Graduate,91.97,361.0,6425 W 33rd St,Saint Louis Park,MN,55426-3498,44.9432385,-93.3614068
251,284,49,THE ALTERNATIVE PROGRAM (TAP),All Students,Graduate,94.87,39.0,4955 Peony Ln,Plymouth,MN,55446,45.0449116,-93.5107651
252,284,50,WAYZATA HIGH,All Students,Graduate,97.36,796.0,4955 Peony Ln N,Plymouth,MN,55446-1606,45.0449116,-93.5107651
256,286,12,BROOKLYN CENTER HIGH SCHOOL,All Students,Graduate,85.71,112.0,6500 Humboldt Ave N,Brooklyn Center,MN,55430,45.0746672,-93.2970582
257,286,221,INSIGHT SCHOOL OF MINNESOTA,All Students,Graduate,35.96,114.0,6120 Earle Brown Drive Ste #200,Brooklyn Center,MN,55430,45.0671503,-93.3017935
258,286,763,BROOKLYN CENTER EARLY COLLEGE ACADEMY,All Students,Graduate,62.07,29.0,5910 Shingle Creek Parkway,Brooklyn Center,MN,55430-1897,45.0627108,-93.31162479999999
259,287,428,INVEST HIGH SCHOOL,All Students,Graduate,0.0,10.0,1820 Xenium Ln N,Plymouth,MN,55441,44.9997748,-93.45052629999999
263,287,445,WEST HIGH SCHOOL,All Students,Graduate,0.0,10.0,11140 Bren Rd W,Minnetonka,MN,55343,44.901058,-93.421336
268,287,531,PRAIRIE CARE BROOKLYN PARK - IHP,All Students,Graduate,0.0,18.0,9400 ZANE AVE ,Brooklyn Park,MN,55443,45.1253107,-93.3546619
269,287,532,PRAIRIE CARE EDINA - PHP,All Students,Graduate,0.0,10.0,6545 France Ave So Ste 302,Edina,MN,55435,44.8848774,-93.32784509999999
270,287,603,ALC EDEN PRAIRIE HS-IS,All Students,Graduate,100.0,11.0,17185 Valley View Rd,Eden Prairie,MN,55346,44.8719426,-93.4930929
271,287,622,SOUTH EDUCATION CENTER ACADEMY,All Students,Graduate,18.87,53.0,7450 Penn Ave S,Richfield,MN,55423,44.8680899,-93.30865759999999
273,287,754,277 WESTONKA AREA LEARNING ACADEMY,All Students,Graduate,0.0,11.0,5901 Sunnyfield Rd E,Minnetrista,MN,55364,44.9552374,-93.6700403
274,287,766,NSO - INDEPENDENT STUDY,All Students,Graduate,6.25,16.0,1820 Xenium Ln N,Plymouth,MN,55441,44.9997748,-93.45052629999999
275,287,772,NORTH EDUCATION CENTER ACADEMY,All Students,Graduate,18.18,44.0,5530 Zealand Ave N,New Hope,MN,55428,45.0537869,-93.3868487
276,287,800,WEST EDUCATION CENTER ALTERNATIVE,All Students,Graduate,27.27,44.0,11140 Bren Rd W,Minnetonka,MN,55343,44.901058,-93.421336
277,287,801,HENNEPIN GATEWAY TO COLLEGE,All Students,Graduate,12.82,39.0,9000 Brooklyn Blvd,Brooklyn Park,MN,55445,45.09602280000001,-93.3968136
279,288,12,SW METRO LEVEL 4 PROGRAMS,All Students,Graduate,57.89,19.0,792 Canterbury Rd S Ste 211,Shakope,MN,55379-1825,44.7925764,-93.47196629999999
281,294,7,SUMMIT LEARNING PROGRAM,All Students,Graduate,100.0,16.0,306 W Elm St,Houston,MN,55943,43.7593596,-91.5722582
282,294,12,MINNESOTA VIRTUAL ACADEMY,All Students,Graduate,50.42,236.0,306 W Elm St,Houston,MN,55943-0363,43.7593596,-91.5722582
283,294,20,HOUSTON SECONDARY,All Students,Graduate,100.0,30.0,306 W Elm St,Houston,MN,55943,43.7593596,-91.5722582
284,297,20,SPRING GROVE SECONDARY,All Students,Graduate,100.0,25.0,113 2nd Ave NW,Spring Grove,MN,55974-0626,43.5607407,-91.6413871
285,299,32,CALEDONIA SENIOR HIGH,All Students,Graduate,100.0,54.0,825 N Warrior Ave,Caledonia,MN,55921,43.6404263,-91.5095053
286,300,20,LA CRESCENT SENIOR HIGH,All Students,Graduate,100.0,90.0,1301 Lancer Blvd,La Crescent,MN,55947-1699,43.8157561,-91.3130355
287,306,20,LAPORTE SECONDARY,All Students,Graduate,70.59,17.0,315 Main St W,Laporte,MN,56461-9522,47.2120184,-94.7566133
288,308,20,NEVIS SECONDARY,All Students,Graduate,82.0,50.0,210 Pleasant St,Nevis,MN,56467-0138,46.9662357,-94.8441005
289,309,60,PARK RAPIDS SENIOR HIGH,All Students,Graduate,82.83,99.0,401 Huntsinger Ave,Park Rapids,MN,56470,46.92596529999999,-95.06495679999999
290,309,90,HEADWATERS EDUC LEARNING PROGRAM,All Students,Graduate,21.05,19.0,401 Huntsinger Ave,Park Rapids,MN,56470,46.92596529999999,-95.06495679999999
291,314,1,BRAHAM AREA SECONDARY,All Students,Graduate,90.57,53.0,531 Elmhurst Ave S,Braham,MN,55006-3105,45.720038,-93.17877
292,316,310,GREENWAY SENIOR HIGH,All Students,Graduate,98.41,63.0,308 Roosevelt Ave,Coleraine,MN,55722-0520,47.2882336,-93.4257576
293,317,1,DEER RIVER SECONDARY,All Students,Graduate,81.25,48.0,101 1st Ave NE,Deer River,MN,56636-0307,47.3342562,-93.7917552
294,318,350,BIGFORK SECONDARY,All Students,Graduate,95.0,20.0,100 Huskie Blvd,Bigfork,MN,56628-9998,47.74509279999999,-93.6503242
295,318,360,GRAND RAPIDS SENIOR HIGH,All Students,Graduate,96.14,233.0,800 Conifer Dr NW,Grand Rapids,MN,55744-2458,47.247102,-93.5421674
298,318,365,GRAND RAPIDS AREA LEARNING CENTER,All Students,Graduate,74.39,82.0,409 SE 13th St,Grand Rapids,MN,55744-4257,47.2178556,-93.5226858
299,319,50,NASHWAUK SECONDARY,All Students,Graduate,85.0,40.0,400 2nd St,Nashwauk,MN,55769,47.3760819,-93.16637469999999
300,330,30,HERON LAKE-OKABENA SECONDARY,All Students,Graduate,84.21,38.0,124 N Minnesota Ave,Okabena,MN,56161-4000,43.7392043,-95.3176575
301,332,40,MORA SECONDARY,All Students,Graduate,96.91,97.0,400 Maple Ave E,Mora,MN,55051-1387,45.8788074,-93.2923814
302,332,50,MORA ALTERNATIVE LEARNING CENTER,All Students,Graduate,45.0,20.0,400 Maple Ave E,Mora,MN,55051-1387,45.8788074,-93.2923814
303,333,20,OGILVIE SECONDARY,All Students,Graduate,95.0,20.0,333 School Dr,Ogilvie,MN,56358-0160,45.8265961,-93.43154349999999
304,345,30,NEW LONDON-SPICER SR.,All Students,Graduate,95.83,96.0,101 4th Ave SW,New London,MN,56273,45.2955593,-94.9428818
305,347,300,WILLMAR SENIOR HIGH,All Students,Graduate,80.14,282.0,2701 30th St NE,Willmar,MN,56201-3499,45.1517598,-95.0049866
306,347,931,PRAIRIE LAKES EDUCATION CENTER,All Students,Graduate,14.81,27.0,1804 Civic Center Dr,Willmar,MN,56201-9446,45.1420295,-95.0081336
307,347,949,WILLMAR AREA LEARNING CENTER,All Students,Graduate,26.53,49.0,512 8th St SW,Willmar,MN,56201-3197,45.11798,-95.05357819999999
308,356,20,LANCASTER SECONDARY,All Students,Graduate,93.75,16.0,401 Central Ave S,Lancaster,MN,56735-3602,48.85582609999999,-96.80285909999999
309,361,1,FALLS SECONDARY,All Students,Graduate,90.2,102.0,1515 11th St,International Falls,MN,56649-2488,48.5927662,-93.4282599
310,362,30,LITTLEFORK-BIG FALLS SECONDARY,All Students,Graduate,95.83,24.0,700 Main St,Littlefork,MN,56653-0533,48.3993864,-93.5523815
311,363,60,INDUS SECONDARY,All Students,Graduate,80.0,10.0,8560 Hwy 11,Birchdale,MN,56629,48.630559,-93.903196
313,378,20,DAWSON-BOYD SECONDARY,All Students,Graduate,97.22,36.0,848 Chestnut St,Dawson,MN,56232-2224,44.930487,-96.058442
314,381,90,WM. M. KELLEY SECONDARY,All Students,Graduate,96.67,30.0,137 Banks Blvd,Silver Bay,MN,55614,47.2910939,-91.274642
315,381,200,TWO HARBORS SECONDARY,All Students,Graduate,95.95,74.0,1640 Hwy 2 Ste 100,Two Harbors,MN,55616,47.0496488,-91.66515539999999
316,390,222,LAKE OF THE WOODS SECONDARY,All Students,Graduate,91.43,35.0,236 15th Ave SW,Baudette,MN,56623-0310,48.7105928,-94.64070180000002
317,391,20,CLEVELAND SECONDARY,All Students,Graduate,94.74,38.0,400 6th St,Cleveland,MN,56017-0310,44.3230406,-93.83539499999999
319,413,1,MARSHALL HIGH SCHOOL,All Students,Graduate,80.66,212.0,400 Tiger Dr,Marshall,MN,56258-1799,44.4566406,-95.75187059999999
320,413,8,MATEC,All Students,Graduate,46.43,28.0,305 South Second Street,Marshall,MN,56258,44.4430584,-95.7937256
322,414,2,MINNEOTA SECONDARY,All Students,Graduate,95.24,42.0,504 N Monroe St,Minneota,MN,56264-0098,44.5634754,-95.98077909999999
323,423,30,HUTCHINSON SENIOR HIGH,All Students,Graduate,86.67,225.0,1200 Roberts Rd,Hutchinson,MN,55350-2198,44.8829585,-94.3934594
324,424,20,LESTER PRAIRIE SECONDARY,All Students,Graduate,91.18,34.0,131 Hickory St N,Lester Prairie,MN,55354,44.8876036,-94.0436246
326,432,20,MAHNOMEN SECONDARY,All Students,Graduate,75.0,32.0,209 1st St W,Mahnomen,MN,56557-0319,47.3140016,-95.96971169999999
327,432,40,MAHNOMEN AREA LEARNING CENTER,All Students,Graduate,4.76,21.0,209 1st St SW,Mahnomen,MN,56557-0319,47.3140016,-95.96971169999999
328,435,30,WAUBUN SECONDARY,All Students,Graduate,89.66,29.0,1013 3rd St,Waubun,MN,56589-0098,47.1809818,-95.9397034
329,441,20,MARSHALL COUNTY CENTRAL HIGH,All Students,Graduate,93.75,32.0,310 Minnesota Ave W,Newfolden,MN,56738-0189,48.3582931,-96.33248689999999
330,447,3,GRYGLA SECONDARY,All Students,Graduate,92.31,13.0,114 N Fladland Ave,Grygla,MN,56727-0018,48.2999953,-95.6204734
331,458,20,TRUMAN SECONDARY,All Students,Graduate,95.0,20.0,401 E 1st St S,Truman,MN,56088-0276,43.82668719999999,-94.43160490000001
332,463,20,EDEN VALLEY SECONDARY,All Students,Graduate,97.4,77.0,298 Brooks St N,Eden Valley,MN,55329-0100,45.3250397,-94.5448438
333,465,40,LITCHFIELD SENIOR HIGH,All Students,Graduate,90.0,90.0,901 N Gilman Ave,Litchfield,MN,55355,45.1359456,-94.5201057
335,466,2,DASSEL-COKATO SENIOR HIGH,All Students,Graduate,91.52,165.0,4852 Reardon Ave SW Ste 1600,Cokato,MN,55321-1700,45.082302,-94.23378699999999
336,466,6,DASSEL-COKATO ALTERNATIVE CTR.,All Students,Graduate,65.38,26.0,290 E Cokato St,Cokato,MN,55321,45.0795124,-94.18680049999999
337,473,20,ISLE SECONDARY,All Students,Graduate,87.18,39.0,730 5th Ave S,Isle,MN,56342-4590,46.1335382,-93.4720121
338,473,40,ISLE AREA LEARNING CENTER,All Students,Graduate,20.0,10.0,730 5th Ave S,Isle,MN,56342-4590,46.1335382,-93.4720121
339,477,30,PRINCETON HIGH SCHOOL,All Students,Graduate,83.26,233.0,807 S 8th Ave,Princeton,MN,55371,45.559799,-93.58539999999999
340,477,80,PRINCETON ONLINE ACADEMY,All Students,Graduate,83.33,18.0,706 1st Street,Princeton,MN,55371,45.5703093,-93.58369979999999
341,477,100,PRINCETON AREA LEARNING CENTER,All Students,Graduate,46.15,13.0,1506 1st St,Princeton,MN,55371,45.5703841,-93.5969317
342,480,20,ONAMIA HIGH SCHOOL,All Students,Graduate,86.96,23.0,35465 125th Ave,Onamia,MN,56359-2807,46.0602762,-93.6740354
345,480,35,KOKESH AREA LEARNING CENTER,All Students,Graduate,7.69,13.0,807 West Main St.,Onamia,MN,56359-2807,46.0703964,-93.6714173
346,482,300,LITTLE FALLS SENIOR HIGH,All Students,Graduate,97.6,167.0,1001 SE 5th Ave,Little Falls,MN,56345-3398,45.9712824,-94.3477051
347,482,400,LITTLE FALLS CONTINUING EDUCATION,All Students,Graduate,53.33,45.0,116 8th Ave SE,Little Falls,MN,56345-3398,45.965697,-94.362777
348,484,30,HEALY SECONDARY,All Students,Graduate,92.13,89.0,112 Kamnic St,Pierz,MN,56364,45.97905069999999,-94.0967374
349,485,20,ROYALTON HIGH SCHOOL,All Students,Graduate,90.91,55.0,120 S Hawthorn St,Royalton,MN,56373,45.8323885,-94.29086269999999
350,486,20,SWANVILLE SECONDARY,All Students,Graduate,90.0,20.0,602 Degraf St,Swanville,MN,56382,45.9109024,-94.64109760000001
351,487,20,UPSALA SECONDARY,All Students,Graduate,95.0,20.0,415 S Main St,Upsala,MN,56384,45.8035247,-94.5693881
353,492,150,AUSTIN AREA LEARNING CENTER,All Students,Graduate,25.0,16.0,301 3rd St NW,Austin,MN,55912-3196,43.6671479,-92.9790306
354,492,200,AUSTIN SENIOR HIGH,All Students,Graduate,78.69,352.0,301 3rd St NW,Austin,MN,55912-3196,43.6671479,-92.9790306
355,495,30,GRAND MEADOW SENIOR HIGH,All Students,Graduate,96.55,29.0,710 4th Ave NE,Grand Meadow,MN,55936-0068,43.7094755,-92.5624307
356,497,20,LYLE SECONDARY,All Students,Graduate,90.0,20.0,700 E 2nd St,Lyle,MN,55953-0359,43.5092835,-92.9440633
357,499,30,LEROY SECONDARY,All Students,Graduate,100.0,18.0,406 W Main St,LeRoy,MN,55951,43.5133328,-92.5098141
358,500,40,SOUTHLAND SENIOR HIGH,All Students,Graduate,97.92,48.0,203 2nd St NW,Adams,MN,55909,43.5678787,-92.7160404
359,505,20,FULDA SECONDARY,All Students,Graduate,90.0,30.0,410 College Ave,Fulda,MN,56131-9439,43.8744296,-95.6056298
360,507,20,NICOLLET SENIOR HIGH SCHOOL,All Students,Graduate,95.65,23.0,1 Pine St,Nicollet,MN,56074-2075,44.2814795,-94.1866859
361,508,40,ST. PETER HIGH SCHOOL,All Students,Graduate,95.3,149.0,2121 West Broadway Avenue,Saint Peter,MN,56082-1332,44.32632599999999,-93.9848061
362,511,20,ADRIAN SECONDARY,All Students,Graduate,94.87,39.0,415 Kentucky Ave,Adrian,MN,56110-1151,43.6325403,-95.93635820000002
364,518,6,WORTHINGTON AREA LEARNING CENTER,All Students,Graduate,44.68,47.0,117 11th Ave,Worthington,MN,56187-1555,43.6190694,-95.5939743
365,518,8,WORTHINGTON SENIOR HIGH,All Students,Graduate,85.94,192.0,1211 Clary St,Worthington,MN,56187-2099,43.62762559999999,-95.59704889999999
366,518,20,WORTHINGTON 518 (VIRTUAL INSTRUCTION BY EXCELLENCE),All Students,Graduate,30.0,10.0,117 11th Avenue Ste 2,Worthington,MN,56187,43.6265435,-95.61277779999999
367,531,20,BYRON SENIOR HIGH SCHOOL,All Students,Graduate,96.48,142.0,1887 2nd Ave NW,Byron,MN,55920-1308,44.0522211,-92.65111379999999
369,533,30,DOVER-EYOTA HIGH SCHOOL,All Students,Graduate,94.59,74.0,615 S Ave SW,Eyota,MN,55934-2916,43.9902778,-92.2305556
370,534,30,STEWARTVILLE SENIOR HIGH,All Students,Graduate,88.15,135.0,440 6th Ave SW,Stewartville,MN,55976-1426,43.8522901,-92.49396109999999
372,535,305,CENTURY SENIOR HIGH,All Students,Graduate,92.54,362.0,2525 Viola Rd NE,Rochester,MN,55906,44.0500221,-92.42504029999999
373,535,306,ROCHESTER ALTERNATIVE LEARNING CTR,All Students,Graduate,61.05,190.0,37 Woodlake Dr SE,Rochester,MN,55904,43.9728774,-92.461419
374,535,310,JOHN MARSHALL SENIOR HIGH,All Students,Graduate,91.48,364.0,1510 14th St NW,Rochester,MN,55901,44.0344963,-92.4837548
375,535,311,ALC SUMMER CREDIT RECOVERY,All Students,Graduate,76.92,13.0,2220 3rd Ave SE,Rochester,MN,55904,43.9884683,-92.4605758
376,535,315,MAYO SENIOR HIGH,All Students,Graduate,91.89,370.0,1420 11th Ave SE,Rochester,MN,55904,44.00305910000001,-92.4465932
379,542,20,BATTLE LAKE SECONDARY,All Students,Graduate,87.88,33.0,402 Summit St W,Battle Lake,MN,56515-4029,46.283394,-95.7198557
380,544,340,IQ ACADEMY MINNESOTA,All Students,Graduate,44.93,69.0,340 Friberg Ave,Fergus Falls,MN,56537-1669,46.2879339,-96.06764969999999
381,544,370,FERGUS FALLS AREA LEARNING CENTER,All Students,Graduate,19.05,42.0,340 Friberg Ave,Fergus Falls,MN,56537-1669,46.2879339,-96.06764969999999
382,544,390,KENNEDY HIGH SCHOOL,All Students,Graduate,95.07,142.0,601 Randolph Ave,Fergus Falls,MN,56537-1669,46.29027670000001,-96.0645612
383,545,20,HENNING SECONDARY,All Students,Graduate,96.55,29.0,500 School Ave,Henning,MN,56551,46.3195419,-95.44749929999999
384,547,20,PARKERS PRAIRIE SECONDARY,All Students,Graduate,97.5,40.0,411 S Otter Ave,Parkers Prairie,MN,56361-0046,46.1496796,-95.3283015
385,548,20,PELICAN RAPIDS SECONDARY,All Students,Graduate,91.78,73.0,310 S Broadway,Pelican Rapids,MN,56572-0642,46.5658121,-96.08434899999999
386,549,30,PERHAM SENIOR HIGH,All Students,Graduate,83.51,97.0,800 Coney Street West,Perham,MN,56573-1797,46.5888318,-95.59072979999999
387,549,80,PERHAM AREA LEARNING CENTER,All Students,Graduate,43.75,16.0,520 1st Ave S,Perham,MN,56573-1797,46.590874,-95.5769385
388,550,20,UNDERWOOD SECONDARY,All Students,Graduate,88.89,27.0,100 Southern Ave E,Underwood,MN,56586,46.2817506,-95.8710741
389,553,20,NEW YORK MILLS SECONDARY,All Students,Graduate,97.73,44.0,209 Hayes St,New York Mills,MN,56567-0218,46.5224414,-95.37856149999999
391,564,70,LINCOLN SENIOR HIGH,All Students,Graduate,95.49,133.0,101 Knight Ave S,Thief River Falls,MN,56701-2813,48.1163866,-96.1843207
392,564,75,NORTHWEST AREA LEARNING CENTER,All Students,Graduate,70.0,20.0,230 Labree Ave S,Thief River Falls,MN,56701-2832,48.114595,-96.180582
393,577,40,WILLOW RIVER SECONDARY,All Students,Graduate,96.88,32.0,8142 Pine St,Willow River,MN,55795-0066,46.3202633,-92.836531
394,578,20,PINE CITY SECONDARY,All Students,Graduate,97.25,109.0,1400 Main St S,Pine City,MN,55063-2064,45.8104416,-92.96840689999999
395,578,692,PINE CITY AREA LEARNING CENTER,All Students,Graduate,73.33,15.0,1225 Main St S,Pine City,MN,55063-2198,45.8127261,-92.9718649
396,581,10,EDGERTON SECONDARY,All Students,Graduate,88.46,26.0,423 1st Ave W,Edgerton,MN,56128,43.8767167,-96.1305024
397,592,20,CLIMAX SECONDARY,All Students,Graduate,81.25,16.0,111 E Broadway,Climax,MN,56523,47.6077938,-96.8131137
398,593,20,NEW PATHS AREA LEARNING CENTER,All Students,Graduate,25.0,12.0,116 West Robert St,Crookston,MN,56716-2099,47.7741692,-96.60756359999999
399,593,90,CROOKSTON SECONDARY,All Students,Graduate,86.46,96.0,402 Fisher Ave,Crookston,MN,56716-2811,47.79053039999999,-96.6023882
400,595,320,EAST GRAND FORKS SENIOR HIGH,All Students,Graduate,91.11,135.0,1420 4th Ave NW,East Grand Forks,MN,56721-0151,47.9395041,-97.0232276
401,599,20,FERTILE-BELTRAMI SECONDARY,All Students,Graduate,96.3,27.0,210 S Mill St,Fertile,MN,56540-0648,47.5324861,-96.2818497
402,600,2,FISHER SECONDARY,All Students,Graduate,100.0,16.0,313 Park Ave,Fisher,MN,56723,47.7975937,-96.797197
403,601,20,FOSSTON SECONDARY,All Students,Graduate,98.31,59.0,301 E 1st St,Fosston,MN,56542,47.5753277,-95.7487709
404,621,58,HIGH SCHOOL SUMMER PROGRAM,All Students,Graduate,80.0,10.0,4570 Victoria St. N.,Shoreview,MN,55126-5800,45.080406,-93.13454929999999
408,621,64,MOUNDS VIEW SENIOR HIGH,All Students,Graduate,95.32,449.0,1900 Lake Valentine Rd,Arden Hills,MN,55112-2841,45.0639254,-93.1809796
409,621,65,IRONDALE SENIOR HIGH,All Students,Graduate,93.79,354.0,2425 Long Lake Rd,New Brighton,MN,55112-5267,45.0902022,-93.2072567
412,622,41,HARMONY LEARNING CENTER,All Students,Graduate,20.0,10.0,1961 E County Road C,Maplewood,MN,55109,45.021273,-93.0174907
414,622,57,NORTH SENIOR HIGH,All Students,Graduate,83.67,441.0,2416 E 11th Ave,North Saint Paul,MN,55109,45.0148457,-92.9983596
415,622,58,TARTAN SENIOR HIGH,All Students,Graduate,87.75,351.0,828 Greenway Ave N,Oakdale,MN,55128,44.9605007,-92.9722184
416,623,69,ROSEVILLE AREA SENIOR HIGH,All Students,Graduate,92.56,524.0,1240 County Road B2 W,Roseville,MN,55113-4396,45.0127953,-93.1521097
418,623,615,FAIRVIEW ALTERNATIVE HIGH SCHOOL,All Students,Graduate,36.96,46.0,1910 County Road B West,Roseville,MN,55113,45.0049815,-93.1801093
420,624,95,WHITE BEAR SOUTH CAMPUS SENIOR,All Students,Graduate,94.87,507.0,3551 McKnight Rd,White Bear Lake,MN,55110-5575,45.0486726,-93.0092552
421,624,837,WHITE BEAR AREA LEARNING CENTER,All Students,Graduate,53.95,76.0,2449 Orchard Ln,White Bear Lake,MN,55110-7509,45.04422950000001,-92.9991603
423,624,840,AREA LEARNING CENTER SUMMER,All Students,Graduate,91.67,12.0,2449 Orchard Ln,White Bear Lake,MN,55110,45.04422950000001,-92.9991603
424,625,6,A. G. A. P. E. TEEN PARENT,All Students,Graduate,67.86,28.0,1037 University Ave,Saint Paul,MN,55104-4788,44.9560593,-93.1435396
425,625,211,CREATIVE ARTS SECONDARY SCHOOL,All Students,Graduate,79.31,29.0,65 Kellogg Blvd E,Saint Paul,MN,55101-1115,44.9451284,-93.0909188
426,625,212,COMO PARK SENIOR HIGH,All Students,Graduate,73.91,276.0,740 Rose Ave W,Saint Paul,MN,55117-4098,44.9759981,-93.13124619999999
427,625,215,HARDING SENIOR HIGH,All Students,Graduate,77.65,425.0,1540 6th St E,Saint Paul,MN,55106-4898,44.9594689,-93.0360568
428,625,220,HIGHLAND PARK SENIOR HIGH,All Students,Graduate,90.94,276.0,1015 Snelling Ave S,Saint Paul,MN,55116-2497,44.909962,-93.16839619999999
429,625,225,HUMBOLDT HIGH SCHOOL,All Students,Graduate,72.29,166.0,30 Baker St E,Saint Paul,MN,55107-2997,44.9259731,-93.0840766
430,625,230,JOHNSON SENIOR HIGH,All Students,Graduate,83.4,253.0,1349 Arcade St,Saint Paul,MN,55106-1899,44.98136179999999,-93.06727629999999
431,625,250,OPEN WORLD LEARNING SECONDARY,All Students,Graduate,86.96,46.0,640 Humboldt Avenue,Saint Paul,MN,55107-2967,44.9266188,-93.0844681
432,625,252,WASHINGTON TECH SECONDARY MAGNET,All Students,Graduate,83.71,264.0,1495 Rice St,Saint Paul,MN,55117-3864,44.9870367,-93.11137169999999
433,625,430,BRIDGE VIEW SPECIAL EDUCATION,All Students,Graduate,0.0,10.0,350 Colborne St,Saint Paul,MN,55102-3299,44.9310579,-93.11887469999999
435,625,695,JOURNEYS SECONDARY SCHOOL,All Students,Graduate,11.76,34.0,90 Western Ave,Saint Paul,MN,55102-2995,44.9392129,-93.11469989999999
436,625,710,GORDON PARKS HIGH SCHOOL,All Students,Graduate,50.59,170.0,1212 University Ave,Saint Paul,MN,55104-1939,44.9554109,-93.15122260000001
437,625,712,ALC SECONDARY EXTENDED PROGRAMS,All Students,Graduate,94.19,86.0,1780 7th St W,Saint Paul,MN,55116-2347,44.913275,-93.1472515
438,625,718,ALC GATEWAY TO COLLEGE,All Students,Graduate,44.93,69.0,235 Marshall Avenue,Saint Paul,MN,55102,44.9492038,-93.1114276
439,625,723,LEAP HIGH SCHOOL,All Students,Graduate,14.14,99.0,631 Albert St N,Saint Paul,MN,55104-1948,44.96070599999999,-93.1600074
440,625,841,GUADALUPE ALTERNATIVE PROGRAMS,All Students,Graduate,54.17,24.0,381 Robie St E,Saint Paul,MN,55107-2415,44.9283392,-93.06928099999999
441,630,20,LAFAYETTE SECONDARY,All Students,Graduate,90.32,31.0,404 Champagne Ave,Red Lake Falls,MN,56750-0399,47.879722,-96.2769005
442,640,20,WABASSO SECONDARY,All Students,Graduate,97.06,34.0,1333 May St,Wabasso,MN,56293-0069,44.40542,-95.25560920000001
443,656,80,FARIBAULT SENIOR HIGH,All Students,Graduate,77.97,286.0,330 9th Ave SW,Faribault,MN,55021-5900,44.2861686,-93.2849289
446,656,81,FARIBAULT AREA LEARNING CENTER,All Students,Graduate,20.34,59.0,2855 1st Ave NW,Faribault,MN,55021-0618,44.32053699999999,-93.269554
447,659,1,NORTHFIELD SENIOR HIGH,All Students,Graduate,96.07,280.0,1400 Division St S,Northfield,MN,55057-2799,44.44407169999999,-93.1634054
448,659,85,NORTHFIELD AREA LEARNING CENTER,All Students,Graduate,62.5,40.0,201 Orchard St S,Northfield,MN,55057-1663,44.4581463,-93.16910209999999
449,671,20,HILLS-BEAVER CREEK SECONDARY,All Students,Graduate,96.55,29.0,301 N Summit Ave,Hills,MN,56138-0547,43.5321668,-96.3636137
450,676,20,BADGER SECONDARY,All Students,Graduate,88.89,18.0,110 Carpenter Ave,Badger,MN,56714-4148,48.7812142,-96.01580899999999
451,682,20,ROSEAU SECONDARY,All Students,Graduate,98.89,90.0,509 3rd St NE,Roseau,MN,56751-1199,48.8497783,-95.7557027
452,690,30,WARROAD HIGH SCHOOL,All Students,Graduate,86.08,79.0,510 Cedar Ave,Warroad,MN,56763-2708,48.9112862,-95.329622
453,695,302,CHISHOLM SECONDARY,All Students,Graduate,83.78,37.0,301 4th St SW,Chisholm,MN,55719-1900,47.4853776,-92.88384649999999
454,696,3,MEMORIAL HIGH SCHOOL,All Students,Graduate,95.45,44.0,600 E Harvey St,Ely,MN,55731-1614,47.9002308,-91.8588015
455,698,20,FLOODWOOD SECONDARY,All Students,Graduate,90.48,21.0,115 W 4th Ave,Floodwood,MN,55736-4523,46.9302686,-92.9161405
456,700,20,HERMANTOWN SENIOR HIGH,All Students,Graduate,96.67,150.0,4335 Hawk Circle Dr,Hermantown,MN,55811-3648,46.8256212,-92.2432139
457,701,350,HIBBING HIGH,All Students,Graduate,89.68,155.0,800 E 21st St,Hibbing,MN,55746-1803,47.425261,-92.9324851
458,701,360,MESABI AREA LEARNING CENTER,All Students,Graduate,63.64,11.0,800 E 21st St,Hibbing,MN,55746-1803,47.425261,-92.9324851
459,704,1,PROCTOR SENIOR HIGH,All Students,Graduate,91.27,126.0,131 9th Ave,Proctor,MN,55810-2797,46.7438925,-92.23664439999999
460,706,90,VIRGINIA SECONDARY,All Students,Graduate,95.56,90.0,411 5th Ave S,Virginia,MN,55792-2734,47.5204507,-92.53946789999999
461,709,215,DENFELD HIGH SCHOOL,All Students,Graduate,73.73,217.0,401 N 44th Ave W,Duluth,MN,55807-1494,46.748551,-92.15917499999999
462,709,220,EAST HIGH SCHOOL,All Students,Graduate,93.72,382.0,301 N 40th Ave E,Duluth,MN,55804,46.8251166,-92.0431902
463,709,580,ROCKRIDGE ACADEMY,All Students,Graduate,39.29,28.0,4849 Ivanhoe St,Duluth,MN,55804-1131,46.8466673,-92.0273015
464,709,605,ARROWHEAD ACADEMY,All Students,Graduate,5.26,19.0,1918 Arlington Ave N,Duluth,MN,55811,46.8191976,-92.1272363
465,709,611,DULUTH AREA LEARNING CENTER,All Students,Graduate,43.17,139.0,215 N 1st Ave E,Duluth,MN,55802-2013,46.78895319999999,-92.1000733
466,709,630,SUPERIOR ACADEMY,All Students,Graduate,0.0,24.0,4849 Ivanhoe St,Duluth,MN,55804-1131,46.8466673,-92.0273015
469,709,650,ACADEMIC EXCELLENCE ONLINE,All Students,Graduate,71.43,14.0,215 N First Avenue East,Duluth,MN,55802,46.78895319999999,-92.1000733
471,712,3,MOUNTAIN IRON-BUHL SECONDARY,All Students,Graduate,93.55,31.0,5529 Emerald Ave.,Mountain Iron,MN,55768-2068,47.51809799999999,-92.596053
472,716,20,BELLE PLAINE SENIOR HIGH,All Students,Graduate,88.7,115.0,220 S Market St,Belle Plaine,MN,56011-1796,44.619572,-93.7719228
473,717,127,JORDAN HIGH SCHOOL,All Students,Graduate,94.06,101.0,600 Sunset Dr,Jordan,MN,55352-1698,44.658173,-93.6396724
474,719,30,PRIOR LAKE HIGH SCHOOL,All Students,Graduate,96.71,607.0,7575 150th St W,Savage,MN,55378-2131,44.7285078,-93.3783148
476,720,83,SHAKOPEE HIGH SCHOOL,All Students,Graduate,90.16,569.0,100 17th Ave W,Shakopee,MN,55379-2498,44.7703547,-93.5270421
479,721,29,NEW PRAGUE SENIOR HIGH,All Students,Graduate,96.37,303.0,221 12th St NE,New Prague,MN,56071,44.5597821,-93.57636579999999
480,721,300,COMPASS LEARNING CENTER,All Students,Graduate,40.0,15.0,1234 Columbus Ave,New Prague,MN,56071-1436,44.5573361,-93.575183
481,726,20,BECKER SENIOR HIGH,All Students,Graduate,95.37,216.0,12000 Hancock St,Becker,MN,55308-9585,45.3955573,-93.87556099999999
482,727,20,BIG LAKE SENIOR HIGH,All Students,Graduate,92.8,236.0,501 Minnesota Ave,Big Lake,MN,55309-9246,45.3402538,-93.7385887
483,728,500,ELK RIVER SENIOR HIGH,All Students,Graduate,92.25,400.0,900 School St,Elk River,MN,55330-1397,45.313142,-93.5725806
484,728,510,ROGERS SENIOR HIGH,All Students,Graduate,96.3,405.0,21000 141st Ave,Rogers,MN,55374-4596,45.2134909,-93.5440193
485,728,530,ZIMMERMAN HIGH SCHOOL,All Students,Graduate,94.77,172.0,25900 4th St W,Zimmerman,MN,55398-9013,45.4417492,-93.59362610000001
487,728,600,IVAN SAND COMMUNITY HIGH SCHOOL,All Students,Graduate,36.36,44.0,1232 School St,Elk River,MN,55330-7154,45.31212540000001,-93.57930569999999
488,738,2,HOLDINGFORD SECONDARY,All Students,Graduate,93.0,100.0,900 5th St,Holdingford,MN,56340-0250,45.7330219,-94.4677681
489,739,20,KIMBALL SECONDARY,All Students,Graduate,85.96,57.0,100 Hwy 55 W,Kimball,MN,55353-0368,45.3142252,-94.3027944
490,740,30,MELROSE SECONDARY,All Students,Graduate,89.71,136.0,546 5th Ave NE,Melrose,MN,56352-1108,45.68356439999999,-94.80439659999999
491,741,20,PAYNESVILLE AREA HIGH SCHOOL,All Students,Graduate,100.0,68.0,795 W Hwy 23,Paynesville,MN,56362-2028,45.3731534,-94.73257699999999
493,742,57,APOLLO SENIOR HIGH,All Students,Graduate,77.37,327.0,1000 44th Ave N,Saint Cloud,MN,56303-2036,45.5704132,-94.21050340000001
494,742,59,TECHNICAL SENIOR HIGH,All Students,Graduate,79.89,368.0,233 12th Ave S,Saint Cloud,MN,56301-4293,45.55374500000001,-94.16534589999999
495,742,65,ST CLOUD AREA LEARNING CENTER,All Students,Graduate,46.27,201.0,216 N 8th Ave,Waite Park,MN,56387-1165,45.557702,-94.2262781
496,742,67,ST CLOUD HOSPITAL PROGS-RESIDENTIAL,All Students,Graduate,0.0,10.0,1406 6th Ave No,Saint Cloud,MN,56303-1900,45.5753593,-94.16920480000002
497,743,30,SAUK CENTRE SECONDARY,All Students,Graduate,93.98,83.0,903 State Rd,Sauk Centre,MN,56378-1698,45.7305536,-94.94378170000002
498,745,60,ALBANY AREA HIGH SCHOOL,All Students,Graduate,96.95,131.0,30 Forest Ave,Albany,MN,56307-0040,45.6318433,-94.563729
499,748,20,SARTELL SENIOR HIGH,All Students,Graduate,98.19,277.0,748 7th St N,Sartell,MN,56377,45.62809439999999,-94.2170348
500,750,50,ROCORI SENIOR HIGH,All Students,Graduate,94.33,194.0,534 5th Ave N,Cold Spring,MN,56320-1498,45.464307,-94.42818799999999
502,756,20,BLOOMING PRAIRIE SECONDARY,All Students,Graduate,89.47,38.0,202 4th Ave NW,Blooming Prairie,MN,55917-1129,43.86854659999999,-93.06432339999999
504,761,150,OWATONNA SENIOR HIGH,All Students,Graduate,90.61,362.0,333 E School St,Owatonna,MN,55060-3095,44.0796414,-93.21846169999999
506,763,20,MEDFORD SECONDARY,All Students,Graduate,92.21,77.0,750 2nd Ave SE,Medford,MN,55049-0038,44.1733447,-93.23329389999999
507,768,20,HANCOCK SEC.,All Students,Graduate,100.0,19.0,371 Hancock Ave,Hancock,MN,56244-9773,45.4971407,-95.7901638
509,775,50,KERKHOVEN SECONDARY,All Students,Graduate,93.1,29.0,302 15th St N,Kerkhoven,MN,56252-9305,45.1905413,-95.32481949999999
510,777,101,BENSON SECONDARY,All Students,Graduate,97.96,49.0,1400 Montana Ave,Benson,MN,56215-1246,45.3196551,-95.5983281
512,786,20,BERTHA SECONDARY,All Students,Graduate,86.84,38.0,310 Central Ave S,Bertha,MN,56437-0008,46.26365999999999,-95.062112
513,787,20,BROWERVILLE SECONDARY,All Students,Graduate,92.68,41.0,620 Park Ave N,Browerville,MN,56438-0185,46.085856,-94.8719448
515,803,2,WHEATON SECONDARY,All Students,Graduate,93.1,29.0,1700 3rd Ave S,Wheaton,MN,56296-1604,45.8020244,-96.5075193
516,811,40,WABASHA-KELLOGG SECONDARY,All Students,Graduate,93.75,48.0,2113 Hiawatha Dr E,Wabasha,MN,55981-1783,44.3576025,-92.010121
517,818,20,VERNDALE SECONDARY,All Students,Graduate,87.5,40.0,411 SW Brown St,Verndale,MN,56481,46.3945039,-95.01814429999999
518,820,2,SEBEKA SECONDARY,All Students,Graduate,96.88,32.0,200 1st St NW,Sebeka,MN,56477-0249,46.6318279,-95.0910536
519,821,30,MENAHGA HIGH SCHOOL,All Students,Graduate,98.0,50.0,216 Aspen Ave SE,Menahga,MN,56464-3289,46.7519624,-95.0939325
521,829,50,WASECA SENIOR HIGH,All Students,Graduate,95.1,143.0,1717 2nd St NW,Waseca,MN,56093-2299,44.0937113,-93.5139138
523,829,60,WASECA AREA LEARNING CENTER,All Students,Graduate,19.35,31.0,501 Elm Ave E,Waseca,MN,56093-3360,44.0780087,-93.50176669999999
524,831,114,FOREST LAKE AREA HIGH SCHOOL,All Students,Graduate,89.83,462.0,6101 Scandia Tr N,Forest Lake,MN,55025-2698,45.2570393,-92.9804537
526,832,40,MAHTOMEDI SENIOR HIGH,All Students,Graduate,93.66,284.0,8000 75th St N,Mahtomedi,MN,55115-1701,45.0601997,-92.944054
528,833,23,SOUTH WASHINGTON ALTERNATIVE HIGH SCHOOL,All Students,Graduate,39.13,46.0,8400 E Point Douglas Rd S,Cottage Grove,MN,55016-3324,44.8183483,-92.93586549999999
529,833,24,PARK HIGH SCHOOL,All Students,Graduate,91.55,426.0,8040 80th St S,Cottage Grove,MN,55016-2097,44.8345734,-92.94191599999999
530,833,25,EAST RIDGE HIGH SCHOOL,All Students,Graduate,96.27,429.0,4200 Pioneer Dr,Woodbury,MN,55129,44.8863271,-92.9328907
531,833,29,WOODBURY HIGH SCHOOL,All Students,Graduate,96.51,459.0,2665 Woodlane Dr,Woodbury,MN,55125-2922,44.9102071,-92.9613705
532,833,52,ACCESS,All Students,Graduate,25.0,12.0,8400 E Point Douglas Rd,Cottage Grove,MN,55016-3324,44.8183335,-92.9358567
534,834,47,STILLWATER AREA HIGH SCHOOL,All Students,Graduate,94.99,659.0,5701 Stillwater Blvd N,Stillwater,MN,55082-1030,45.0296258,-92.84667259999999
536,834,61,ST CROIX VALLEY AREA LEARNING CNTR.,All Students,Graduate,44.44,45.0,5701 Stillwater Blvd N,Stillwater,MN,55082,45.0296258,-92.84667259999999
537,836,30,BUTTERFIELD SECONDARY,All Students,Graduate,93.33,15.0,440 Hubbard Ave,Butterfield,MN,56120-0189,43.9597711,-94.79158670000001
538,837,20,MADELIA SECONDARY,All Students,Graduate,85.45,55.0,320 Buck Ave SE,Madelia,MN,56062-1836,44.0475508,-94.41255900000002
539,840,111,ST. JAMES MIDDLE/HIGH SCHOOL,All Students,Graduate,90.54,74.0,1001 10th Ave N,Saint James,MN,56081-0509,43.9909042,-94.625182
540,846,30,BRECKENRIDGE SENIOR HIGH,All Students,Graduate,98.25,57.0,710 N 13th St,Breckenridge,MN,56520-1317,46.2707308,-96.5751007
541,850,20,ROTHSAY SECONDARY,All Students,Graduate,95.24,21.0,2040 Co Rd 52,Rothsay,MN,56579,46.5010367,-96.3140962
542,852,20,CAMPBELL-TINTAH SECONDARY,All Students,Graduate,72.73,11.0,430 Connecticut Ave,Campbell,MN,56522-0008,46.0966212,-96.40519549999999
543,857,30,LEWISTON-ALTURA SECONDARY,All Students,Graduate,95.24,63.0,100 County Rd 25,Lewiston,MN,55952,43.98573210000001,-91.8568918
544,858,3,ST. CHARLES SECONDARY,All Students,Graduate,89.55,67.0,600 E 6th St,Saint Charles,MN,55972-1471,43.9710201,-92.0544493
545,861,7,WINONA SENIOR HIGH,All Students,Graduate,91.92,198.0,901 Gilmore Ave,Winona,MN,55987-2580,44.046655,-91.66273199999999
546,861,19,WINONA AREA LEARNING CENTER,All Students,Graduate,13.16,38.0,1299 West 3rd St,Winona,MN,55987-2320,44.0555435,-91.6721725
547,876,3,ANNANDALE SENIOR HIGH,All Students,Graduate,93.23,133.0,855 Hemlock St E,Annandale,MN,55302-0190,45.266188,-94.11103899999999
548,877,40,BUFFALO SENIOR HIGH,All Students,Graduate,94.51,401.0,877 Bison Blvd,Buffalo,MN,55313-3300,45.1828327,-93.83057319999999
549,877,45,PHOENIX LEARNING CENTER,All Students,Graduate,58.33,12.0,800 8th St NE,Buffalo,MN,55313-1897,45.1796752,-93.8638689
550,879,20,DELANO HIGH SCHOOL,All Students,Graduate,97.77,179.0,700 Elm Ave E,Delano,MN,55328-9183,45.0448441,-93.7789191
551,881,20,MAPLE LAKE SECONDARY,All Students,Graduate,96.0,75.0,200 Highway 55 E,Maple Lake,MN,55358,45.2335007,-93.9993882
552,882,20,MONTICELLO SENIOR HIGH,All Students,Graduate,95.19,291.0,5225 School Blvd,Monticello,MN,55362-2976,45.2869302,-93.7782813
554,883,1,ROCKFORD SECONDARY,All Students,Graduate,92.86,112.0,7600 County Rd 50,Rockford,MN,55373-0070,45.0885223,-93.7231524
556,885,20,ST. MICHAEL-ALBERTVILLE SENIOR HIGH,All Students,Graduate,95.48,442.0,5800 Jamison Ave NE,Saint Michael,MN,55376,45.235588,-93.6908997
557,885,50,KNIGHTS ACADEMY,All Students,Graduate,81.25,16.0,60 Central Ave W,Saint Michael,MN,55376-0010,45.211233,-93.666461
558,891,10,CANBY SECONDARY,All Students,Graduate,97.87,47.0,307 1st St W,Canby,MN,56220-1400,44.7110832,-96.2785921
559,911,350,CAMBRIDGE-ISANTI HIGH SCHOOL,All Students,Graduate,94.15,325.0,430 NW 8th Ave,Cambridge,MN,55008,45.5791384,-93.2298272
560,911,380,RIVERSIDE ACADEMY,All Students,Graduate,33.33,39.0,625C Main Street N,Cambridge,MN,55008,45.5791394,-93.22050259999999
562,912,30,MILACA SECONDARY HIGH,All Students,Graduate,96.72,122.0,500 Hwy 23 W,Milaca,MN,56353-1147,45.7510626,-93.65712529999999
563,912,40,MILACA AREA LEARNING CENTER,All Students,Graduate,50.0,22.0,500 Highway 23 West,Milaca,MN,56353,45.7510626,-93.65712529999999
564,914,2,ULEN-HITTERDAL SECONDARY,All Students,Graduate,94.12,17.0,27 NW 2nd St,Ulen,MN,56585-0389,47.07916669999999,-96.26083330000002
565,915,20,SOUTHERN PLAINS AREA LEARNING CNTR.,All Students,Graduate,28.57,21.0,132 1st Ave SE,Winnebago,MN,56098,43.7662711,-94.1628392
567,916,56,SOUTH CAMPUS EDUCATION CENTER,All Students,Graduate,0.0,10.0,3551 N McKnight Rd,White Bear Lake,MN,55110-5599,45.0486726,-93.0092552
568,916,62,916 MAHTOMEDI ACADEMY,All Students,Graduate,14.0,50.0,2737 County Rd D,White Bear Lake,MN,55110-3935,45.036517,-92.98655839999999
569,916,63,EAST VIEW ACADEMY,All Students,Graduate,37.21,86.0,70 W Cty Rd B2,Little Canada,MN,55117-1402,45.012911,-93.1037965
571,916,68,WELS NORTH,All Students,Graduate,45.45,11.0,3500 Willow Lake Boulevard,Vadnais Heights,MN,55110-3397,45.0483891,-93.0544134
572,916,465,METRO HEIGHTS ACADEMY,All Students,Graduate,22.68,97.0,7122 University Ave NE,Fridley,MN,55432-3100,45.0975744,-93.2646752
576,917,78,EDOP DCALS EXTENDED DAY,All Students,Graduate,91.67,12.0,1300 145th St E,Rosemount,MN,55068,44.73863129999999,-93.0804606
578,917,105,RIVERSIDE SCHOOL,All Students,Graduate,0.0,14.0,1600 W Hwy 55,Hastings,MN,55033-2368,44.7413934,-92.8888005
579,917,300,OPTIONS,All Students,Graduate,0.0,11.0,2675 Long Lake Road,Roseville,MN,55113,45.02186409999999,-93.19468499999999
580,917,300,OPTIONS,All Students,Graduate,0.0,11.0,11140 Bren Rd West,Minnetonka,MN,55343,44.901058,-93.421336
581,917,300,OPTIONS,All Students,Graduate,0.0,11.0,151 W Burnsville Pkwy Ste 100,Burnsville,MN,55337-2525,44.7707577,-93.2798189
582,926,20,LAKES COUNTRY YOUTH EDUC SVCS,All Students,Graduate,29.63,27.0,MSUM BRIDGES HALL,Moorhead,MN,56563,46.8667015,-96.7623773
586,991,17,RED ROCK RIDGE AREA LEARNING CENTER,All Students,Graduate,76.47,17.0,1012 5th Avenue,Windom,MN,56101-1479,43.8669379,-95.1195609
587,1000,10,PERPICH CENTER FOR ARTS EDUCATION,All Students,Graduate,96.63,89.0,6125 Olson Memorial Hwy,Golden Valley,MN,55422-4918,44.9836064,-93.35878960000001
589,2071,30,LK CRYSTAL-WELLCOME MEMORIAL SECONDARY,All Students,Graduate,92.73,55.0,607 Knights Ln,Lake Crystal,MN,56055-9400,44.0997306,-94.23062569999999
590,2125,20,TRITON HIGH SCHOOL,All Students,Graduate,94.03,67.0,813 W Hwy St,Dodge Center,MN,55927-9153,44.0324669,-92.8659972
591,2134,20,UNITED SOUTH CENTRAL HIGH SCHOOL,All Students,Graduate,88.1,42.0,600 11th St. SW,Wells,MN,56097,43.7335246,-93.7347224
592,2135,20,MAPLE RIVER SECONDARY,All Students,Graduate,97.47,79.0,101 6th Ave NE,Mapleton,MN,56065-0515,43.9284604,-93.9500669
593,2137,25,KINGSLAND JUNIOR/SENIOR HIGH SCHOOL,All Students,Graduate,96.77,31.0,705 N Section Ave,Spring Valley,MN,55975-1500,43.6971093,-92.38706429999999
594,2142,35,NORTHEAST RANGE SECONDARY,All Students,Graduate,100.0,24.0,30 S Dr,Babbitt,MN,55706-1108,47.7080722,-91.9508886
595,2142,45,SOUTH RIDGE SECONDARY,All Students,Graduate,92.11,38.0,8162 Swan Lake Rd,Culver,MN,55779,46.96556959999999,-92.5460626
596,2142,55,NORTH WOODS SECONDARY,All Students,Graduate,88.24,34.0,10248 Olson Rd E,Cook,MN,55723,47.889459,-92.77538009999999
597,2142,95,CHERRY SECONDARY,All Students,Graduate,61.54,26.0,3943 Tamminen Rd,Iron,MN,55751-8041,47.4038109,-92.7086746
598,2143,40,WATERVILLE-ELYSIAN-MORRISTOWN SR.,All Students,Graduate,88.24,51.0,500 E Paquin St,Waterville,MN,56096-1596,44.21722219999999,-93.5627653
599,2144,4,CHISAGO LAKES SENIOR HIGH,All Students,Graduate,94.44,270.0,29400 Olinda Tr,Lindstrom,MN,55045-9439,45.37432,-92.84372739999999
602,2149,50,MINNEWASKA SECONDARY,All Students,Graduate,93.9,82.0,25122 State Hwy 28,Glenwood,MN,56334-9327,45.6248403,-95.4548666
603,2154,40,EVELETH-GILBERT SENIOR HIGH,All Students,Graduate,90.57,53.0,801 Jones St,Eveleth,MN,55734-1696,47.4644655,-92.5318231
604,2155,1,WADENA-DEER CREEK SENIOR HIGH,All Students,Graduate,82.19,73.0,600 Colfax Ave SW,Wadena,MN,56482-0151,46.44293529999999,-95.14755749999999
605,2159,20,BUFFALO LAKE-HECTOR SECONDARY,All Students,Graduate,86.49,37.0,220 W 3rd St,Hector,MN,55342-0307,44.7435167,-94.71875829999999
606,2164,4,DILWORTH-GLYNDON-FELTON SENIOR HIGH,All Students,Graduate,91.18,102.0,513 Parke Ave S,Glyndon,MN,56547-0188,46.8708657,-96.5812107
607,2165,20,HINCKLEY-FINLAYSON SECONDARY,All Students,Graduate,85.48,62.0,201 Main St E,Hinckley,MN,55037-9331,46.0158678,-92.94068
611,2167,20,LAKEVIEW SECONDARY,All Students,Graduate,93.55,62.0,875 Barstad Rd N,Cottonwood,MN,56229-0107,44.6210293,-95.6684713
612,2168,3,NRHEG SECONDARY,All Students,Graduate,81.25,80.0,306 Ash Ave S,New Richland,MN,56072-1514,43.890984,-93.4956854
613,2169,20,MURRAY COUNTY CENTRAL SECONDARY,All Students,Graduate,88.89,54.0,2420 28th St,Slayton,MN,56172-1498,43.9851327,-95.7574886
614,2170,40,STAPLES-MOTLEY SENIOR HIGH,All Students,Graduate,92.41,79.0,401 Centennial Ln,Staples,MN,56479-2118,46.3579877,-94.7968551
615,2171,30,KITTSON CENTRAL SECONDARY,All Students,Graduate,95.65,23.0,444 N Ash,Hallock,MN,56728-0670,48.7801781,-96.94779059999999
616,2172,20,KENYON-WANAMINGO SENIOR HIGH,All Students,Graduate,89.83,59.0,400 6th St,Kenyon,MN,55946-1199,44.2675905,-92.99177619999999
617,2174,20,PINE RIVER-BACKUS HIGH SCHOOL,All Students,Graduate,94.34,53.0,810 1st St N,Pine River,MN,56474,46.7217144,-94.4093429
618,2174,30,PINE RIVER-BACKUS AREA LEARNING CTR,All Students,Graduate,56.25,16.0,1000 1st St N,Pine River,MN,56474,46.7217144,-94.4093429
619,2176,20,WARREN-ALVARADO-OSLO SECONDARY,All Students,Graduate,96.43,28.0,224 E Bridge Ave,Warren,MN,56762,48.193501,-96.7669341
620,2180,20,MACCRAY SENIOR HIGH,All Students,Graduate,86.36,44.0,711 Wolverine Dr,Clara City,MN,56222-0690,44.9568946,-95.3748002
621,2184,4,LUVERNE SENIOR HIGH,All Students,Graduate,95.29,85.0,709 N Kniss,Luverne,MN,56156-1229,43.6613712,-96.2161938
622,2190,22,YELLOW MEDICINE EAST HIGH SCHOOL,All Students,Graduate,95.16,62.0,450 9th Ave,Granite Falls,MN,56241-1399,44.8106041,-95.5451452
623,2198,456,FILLMORE CENTRAL SENIOR HIGH,All Students,Graduate,98.04,51.0,145 Main Ave S,Harmony,MN,55939-0599,43.552756,-92.010868
624,2215,2,NORMAN COUNTY EAST SECONDARY,All Students,Graduate,94.44,18.0,408 W Main Ave,Twin Valley,MN,56584-0420,47.26159819999999,-96.2660959
625,2310,3,SIBLEY EAST-ARLINGTON SENIOR HIGH,All Students,Graduate,93.68,95.0,202 3rd Ave NW,Arlington,MN,55307-1000,44.6088488,-94.0795326
626,2311,20,CLEARBROOK-GONVICK SECONDARY,All Students,Graduate,88.89,27.0,16770 Clearwater Lake Rd,Clearbrook,MN,56634-4223,47.7049954,-95.4335334
627,2342,3,WEST CENTRAL AREA SECONDARY,All Students,Graduate,97.87,47.0,301 County Rd 2,Barrett,MN,56311-0278,45.9073205,-95.89712279999999
628,2358,20,TRI-COUNTY SECONDARY,All Students,Graduate,100.0,20.0,303 Pembina Tr,Karlstad,MN,56732-4405,48.5739932,-96.5243733
629,2364,2,BELGRADE-BROOTEN-ELROSA SEC.,All Students,Graduate,92.73,55.0,710 Washburn Ave,Belgrade,MN,56312-0339,45.4464374,-95.0002097
630,2396,300,A.C.G.C. SECONDARY,All Students,Graduate,93.22,59.0,27250 MN Hwy 4,Grove City,MN,56243-5003,45.1426636,-94.68282260000001
631,2397,20,LE SUEUR-HENDERSON HIGH SCHOOL,All Students,Graduate,87.93,58.0,901 E Ferry St,Le Sueur,MN,56058-1699,44.457659,-93.90228900000001
632,2448,20,MARTIN COUNTY WEST SENIOR HIGH,All Students,Graduate,95.16,62.0,16 W 5th St,Sherburn,MN,56171,43.658264,-94.7310766
634,2536,20,GRANADA HUNTLEY EAST CHAIN HIGH SCHOOL,All Students,Graduate,91.3,23.0,300 Reynolds St,Granada,MN,56039-0017,43.6980918,-94.3455455
635,2580,30,EAST CENTRAL SENIOR SECONDARY,All Students,Graduate,92.98,57.0,61085 State Hwy 23,Finlayson,MN,55735,46.1834597,-92.8426712
636,2580,35,CROSSROADS AREA LEARNING CENTER,All Students,Graduate,50.0,28.0,130 Oriole Ave E,Sandstone,MN,55072,46.1381143,-92.8638285
637,2609,20,WIN-E-MAC SECONDARY,All Students,Graduate,90.91,33.0,23130 345th St SE,Erskine,MN,56535-9468,47.6675258,-95.9815386
638,2683,20,GREENBUSH-MIDDLE RIVER SECONDARY,All Students,Graduate,96.77,31.0,401 Park Ave,Greenbush,MN,56726-0070,48.69573889999999,-96.1840734
639,2687,2,HOWARD LAKE-WAVERLY-WINSTED SEC.,All Students,Graduate,90.77,65.0,8700 County Road 6 SW,Howard Lake,MN,55349-5427,45.0282963,-94.0663342
640,2689,8,PIPESTONE SENIOR HIGH,All Students,Graduate,76.19,63.0,1401 7th St SW,Pipestone,MN,56164-2293,43.9977312,-96.33982999999999
641,2711,40,MESABI EAST SECONDARY,All Students,Graduate,86.76,68.0,601 N 1st St W,Aurora,MN,55705-1301,47.532086,-92.2391456
642,2752,60,FAIRMONT JR./SR. HIGH SCHOOL,All Students,Graduate,91.24,137.0,900 Johnson St,Fairmont,MN,56031-4598,43.63673480000001,-94.4495271
644,2753,20,LONG PRAIRIE-GREY SECONDARY SCHOOL,All Students,Graduate,94.83,58.0,510 9th St NE,Long Prairie,MN,56347-1600,45.9817384,-94.8478245
645,2754,2,CEDAR MOUNTAIN SECONDARY,All Students,Graduate,94.59,37.0,310 Somerville Ave N,Morgan,MN,56266-0188,44.4157412,-94.9221925
646,2769,10,MORRIS AREA SECONDARY,All Students,Graduate,93.33,75.0,201 S Columbia Ave,Morris,MN,56267-1598,45.5840523,-95.90267990000001
647,2805,2,ZUMBROTA-MAZEPPA SENIOR HIGH,All Students,Graduate,94.05,84.0,705 Mill St,Zumbrota,MN,55992-0213,44.2889318,-92.6724567
648,2835,20,JANESVILLE-WALDORF-PEMBERTON SEC,All Students,Graduate,90.57,53.0,110 E 3rd St,Janesville,MN,56048-0389,44.1190256,-93.7068644
649,2853,40,LAC QUI PARLE VALLEY SECONDARY,All Students,Graduate,94.12,51.0,2860 291st Ave,Madison,MN,56256-9631,45.0726988,-96.0586682
650,2854,30,ADA-BORUP SECONDARY,All Students,Graduate,95.12,41.0,604 Thorpe Ave W,Ada,MN,56510-0308,47.2987799,-96.52739580000001
651,2856,30,STEPHEN SENIOR HIGH,All Students,Graduate,93.55,31.0,6th Street & School Ave,Stephen,MN,56757-0068,48.4507537,-96.87823
652,2859,60,GLENCOE-SILVER LAKE SENIOR HIGH,All Students,Graduate,91.0,100.0,1825 16th St E,Glencoe,MN,55336-1799,44.7760787,-94.1376224
653,2860,20,BLUE EARTH AREA SECONDARY,All Students,Graduate,88.46,78.0,1125 Hwy 169 N,Blue Earth,MN,56013-2006,43.6509641,-94.0911095
654,2884,20,RED ROCK CENTRAL SECONDARY,All Students,Graduate,100.0,33.0,100 6th Ave E,Lamberton,MN,56152-0278,44.2269356,-95.2631306
655,2886,300,GLENVILLE-EMMONS SECONDARY,All Students,Graduate,87.5,16.0,230 5th St SE,Glenville,MN,56036-0038,43.5672547,-93.2756102
656,2888,3,CLINTON-GRACEVILLE-BEARDSLEY SR.,All Students,Graduate,96.0,25.0,712 3rd St,Graceville,MN,56240-0398,45.5692917,-96.4337638
657,2889,20,LAKE PARK AUDUBON SECONDARY,All Students,Graduate,89.58,48.0,611 Vigen Rd,Lake Park,MN,56554-0479,46.88186289999999,-96.10149179999999
658,2890,20,RENVILLE COUNTY WEST SENIOR HIGH,All Students,Graduate,92.59,27.0,301 NE 3rd St,Renville,MN,56284-0338,44.79179,-95.20875319999999
659,2895,113,JACKSON COUNTY CENTRAL SENIOR HIGH,All Students,Graduate,95.35,86.0,1128 N Hwy,Jackson,MN,56143-1075,43.6252416,-94.9990708
660,2897,1,REDWOOD VALLEY SENIOR HIGH,All Students,Graduate,87.06,85.0,100 George Ramseth Dr,Redwood Falls,MN,56283-1938,44.5388806,-95.0916316
661,2898,30,WESTBROOK-WALNUT GROVE SECONDARY,All Students,Graduate,97.14,35.0,344 8th St,Westbrook,MN,56183-0128,44.0443473,-95.4300159
662,2899,40,PLAINVIEW-ELGIN-MILLVILLE HIGH,All Students,Graduate,93.41,91.0,500 W Broadway,Plainview,MN,55964-1031,44.1654946,-92.1740386
663,2902,300,RTR HIGH SCHOOL,All Students,Graduate,100.0,36.0,100 Strong St,Tyler,MN,56178,44.2817055,-96.13356329999999
664,2903,20,ORTONVILLE SECONDARY,All Students,Graduate,97.06,34.0,200 Trojan Dr,Ortonville,MN,56278-0247,45.3077017,-96.4426589
665,2904,1,TRACY SECONDARY,All Students,Graduate,94.0,50.0,934 Pine St,Tracy,MN,56175,44.2250079,-95.63103470000001
666,2905,20,TRI-CITY UNITED HIGH SCHOOL,All Students,Graduate,93.44,122.0,700 4th St NW,Montgomery,MN,56069-0029,44.4482782,-93.5878669
667,2906,20,RED LAKE COUNTY CENTRAL HIGH SCHOOL,All Students,Graduate,92.59,27.0,201 Governor St,Oklee,MN,56742,47.8396856,-95.85659439999999
668,2908,4,BRANDON-EVANSVILLE HIGH SCHOOL,All Students,Graduate,90.0,30.0,206 W 3rd St,Brandon,MN,56315-0185,45.9672271,-95.5997222
669,4000,10,CITY ACADEMY,All Students,Graduate,60.53,76.0,958 Jessie St,Saint Paul,MN,55130-4058,44.9699649,-93.07691009999999
673,4007,10,MINNESOTA NEW COUNTRY SCHOOL,All Students,Graduate,63.64,22.0,210 Main St,Henderson,MN,56044-0488,44.529033,-93.9034829
675,4008,30,PACT CHARTER SECONDARY,All Students,Graduate,96.15,52.0,7250 E Ramsey Pkwy,Ramsey,MN,55303,45.2337442,-93.4513613
676,4015,11,COMMUNITY OF PEACE ACADEMY HIGH SCHOOL,All Students,Graduate,86.21,58.0,471 Magnolia Ave E,Saint Paul,MN,55130-3849,44.97439019999999,-93.080371
678,4017,12,MTS HIGH SCHOOL,All Students,Graduate,50.0,30.0,2872 26th Avenue S.,Minneapolis,MN,55406-1310,44.9505072,-93.237853
679,4017,16,MTS PEASE ACADEMY,All Students,Graduate,50.0,14.0,601 13th Ave SE,Minneapolis,MN,55414-1437,44.983514,-93.2358098
680,4017,18,MINNESOTA CONNECTIONS ACADEMY,All Students,Graduate,63.93,341.0,1336 Energy Park Dr,Saint Paul,MN,55108,44.9701348,-93.15632719999999
681,4025,10,CYBER VILLAGE ACADEMY,All Students,Graduate,44.74,38.0,768 Hamline Ave S,Saint Paul,MN,55116-2224,44.9183567,-93.15620160000002
683,4026,10,E.C.H.O. CHARTER SCHOOL,All Students,Graduate,92.86,14.0,101 Rocket Ave,Echo,MN,56237-0158,44.617944,-95.41007239999999
685,4027,30,HIGHER GROUND SECONDARY ACADEMY,All Students,Graduate,93.02,43.0,1471 Brewster Ave.,Saint Paul,MN,55108,44.9750824,-93.16190999999999
686,4031,10,JENNINGS EXPERIENTIAL HIGH SCHOOL,All Students,Graduate,35.71,28.0,2455 University Ave West,Saint Paul,MN,55114-1507,44.9650356,-93.1995683
687,4036,10,FACE TO FACE ACADEMY,All Students,Graduate,18.18,22.0,1165 Arcade St,Saint Paul,MN,55106-2615,44.9762687,-93.0663209
689,4039,10,HIGH SCHOOL FOR RECORDING ARTS,All Students,Graduate,25.0,124.0,1166 University Ave W,Saint Paul,MN,55104-4169,44.9544297,-93.14981139999999
690,4039,10,HIGH SCHOOL FOR RECORDING ARTS,All Students,Graduate,25.0,124.0,1166 University Ave,Saint Paul,MN,55104,44.9544297,-93.14981139999999
691,4043,10,MATH AND SCIENCE ACADEMY,All Students,Graduate,100.0,54.0,8430 Woodbury Crossing,Woodbury,MN,55125-9433,44.9128816,-92.93577859999999
692,4043,10,MATH AND SCIENCE ACADEMY,All Students,Graduate,100.0,54.0,8430 Woodbury Crossing,Woodbury,MN,55125,44.9128816,-92.93577859999999
693,4049,10,NORTHWEST PASSAGE HIGH SCHOOL,All Students,Graduate,36.36,44.0,11345 Robinson Dr NW,Coon Rapids,MN,55443-3777,45.1772931,-93.3075703
695,4053,20,NORTH LAKES ACADEMY 56,All Students,Graduate,80.0,40.0,308 15th St SW,Forest Lake,MN,55025,45.2754746,-93.00384729999999
696,4056,10,ROSA PARKS CHARTER HIGH SCHOOL,All Students,Graduate,27.78,36.0,2450 Marion Road SE,Rochester,MN,55904,43.9864318,-92.4044339
698,4057,10,EL COLEGIO CHARTER SCHOOL,All Students,Graduate,58.33,36.0,4137 Bloomington Ave,Minneapolis,MN,55407-3332,44.9278142,-93.2519983
700,4059,20,CROSSLAKE COMMUNITY HIGH SCHOOL,All Students,Graduate,42.31,26.0,35808 County Road 66,Crosslake,MN,56442,46.6726694,-94.10770269999999
701,4066,10,KATO PUBLIC CHARTER SCHOOL,All Students,Graduate,50.0,12.0,110 N 6th St,Mankato,MN,56001-5312,44.1646787,-93.99617459999999
703,4074,10,AFSA HIGH SCHOOL,All Students,Graduate,73.08,52.0,100 Vadnais Blvd,Vadnais Heights,MN,55127-4036,45.0461776,-93.0959833
704,4074,10,AFSA HIGH SCHOOL,All Students,Graduate,73.08,52.0,100 Vadnais Blvd,Vadnais Heights,MN,55127,45.0461776,-93.0959833
705,4075,10,AVALON SCHOOL,All Students,Graduate,66.67,51.0,700 Glendale St,Saint Paul,MN,55114-1782,44.962262,-93.19843139999999
707,4080,10,PILLAGER AREA CHARTER SCHOOL,All Students,Graduate,20.0,10.0,12763 County Rd 1,Pillager,MN,56473-2179,46.34154239999999,-94.48530629999999
708,4080,10,PILLAGER AREA CHARTER SCHOOL,All Students,Graduate,20.0,10.0,12763 County Rd 1,Pillager,MN,56473-0130,46.34154239999999,-94.48530629999999
709,4081,10,DISCOVERY PUBLIC SCHOOL FARIBAULT,All Students,Graduate,63.64,11.0,126 NW 8th St,Faribault,MN,55021-4241,44.2994577,-93.2711331
710,4081,10,DISCOVERY PUBLIC SCHOOL FARIBAULT,All Students,Graduate,63.64,11.0,126 NW 8th St,Faribault,MN,55021,44.2994577,-93.2711331
711,4082,10,BLUESKY CHARTER SCHOOL,All Students,Graduate,41.81,177.0,33 Wentworth Ave E Ste #100,West Saint Paul,MN,55118-3431,44.8984938,-93.08352850000001
712,4082,10,BLUESKY CHARTER SCHOOL,All Students,Graduate,41.81,177.0,33 Wentworth Ave E Ste 100,West Saint Paul,MN,55118-3431,44.8984938,-93.08352850000001
713,4085,10,HARBOR CITY INTERNATIONAL CHARTER,All Students,Graduate,83.72,43.0,332 W Michigan St Ste.300,Duluth,MN,55802-1610,46.7829219,-92.10211369999999
714,4085,10,HARBOR CITY INTERNATIONAL CHARTER,All Students,Graduate,83.72,43.0,332 W Michigan Street Ste 300,Duluth,MN,55802-1610,46.7829219,-92.10211369999999
715,4087,10,SAGE ACADEMY CHARTER SCHOOL,All Students,Graduate,42.86,21.0,3900 85th Ave N,Brooklyn Park,MN,55443-1908,45.1093904,-93.3319018
717,4091,10,ARCADIA CHARTER SCHOOL,All Students,Graduate,100.0,17.0,1719 Cannon Rd,Northfield,MN,55057-1680,44.4395879,-93.18494830000002
718,4091,10,ARCADIA CHARTER SCHOOL,All Students,Graduate,100.0,17.0,1719 Cannon Rd,Northfield,MN,55057,44.4395879,-93.18494830000002
719,4092,10,WATERSHED HIGH SCHOOL,All Students,Graduate,0.0,15.0,6541 16th Ave So,Richfield,MN,55423,44.884201,-93.2513
720,4092,10,WATERSHED HIGH SCHOOL,All Students,Graduate,0.0,15.0,6541 16th Ave S,Richfield,MN,55423,44.884201,-93.2513
721,4093,10,NEW CENTURY ACADEMY,All Students,Graduate,50.0,36.0,950 School Road SW,Hutchinson,MN,55350-7028,44.8787769,-94.39738779999999
722,4093,10,NEW CENTURY ACADEMY,All Students,Graduate,50.0,36.0,1000 5th Ave SE,Hutchinson,MN,55350-7028,44.8862715,-94.3529002
723,4095,10,TRIO WOLF CREEK DISTANCE LEARNING,All Students,Graduate,45.33,75.0,10363 Liberty Ln,Chisago City,MN,55013-9542,45.3771257,-92.89616889999999
724,4095,10,TRIO WOLF CREEK DISTANCE LEARNING,All Students,Graduate,45.33,75.0,10363 Liberty Ln,Chisago City,MN,55013,45.3771257,-92.89616889999999
725,4098,20,NOVA CLASSICAL ACADEMY UPPER SCHOOL,All Students,Graduate,90.77,65.0,1455 Victoria Way,Saint Paul,MN,55102,44.9178928,-93.13726869999999
726,4102,10,RONDO CAMPUS,All Students,Graduate,23.08,78.0,1821 University Ave W,Saint Paul,MN,55104,44.9566844,-93.17632069999999
727,4102,15,UNITY CAMPUS,All Students,Graduate,20.0,55.0,2507 Fremont Ave N,Minneapolis,MN,55411-1529,45.0050938,-93.2961237
728,4102,20,DOWNTOWN CAMPUS,All Students,Graduate,16.28,43.0,511 Groveland Ave,Minneapolis,MN,55403-3223,44.9662927,-93.2876514
729,4102,55,SABATHANI CAMPUS,All Students,Graduate,5.88,34.0,2201 Girard Ave North,Minneapolis,MN,55409,45.0019046,-93.29786949999999
730,4103,10,HMONG COLLEGE PREP ACADEMY HS,All Students,Graduate,85.48,124.0,1515 Brewster St,Saint Paul,MN,55108,44.9751627,-93.1642802
731,4104,10,PALADIN CAREER AND TECHNICAL HIGH SCHOOL,All Students,Graduate,29.03,62.0,308 Northtown Dr,Blaine,MN,55434-1039,45.12631,-93.260723
732,4104,10,PALADIN CAREER AND TECHNICAL HIGH SCHOOL,All Students,Graduate,29.03,62.0,308 Northtown Dr,Blaine,MN,55434,45.12631,-93.260723
733,4105,10,GREAT RIVER SCHOOL,All Students,Graduate,80.0,50.0,1326 Energy Park Dr,Saint Paul,MN,55108-5202,44.9701706,-93.1552598
734,4105,10,GREAT RIVER SCHOOL,All Students,Graduate,80.0,50.0,1326 Energy Park Dr,Saint Paul,MN,55108,44.9701706,-93.1552598
735,4106,10,TREKNORTH HIGH SCHOOL,All Students,Graduate,82.86,35.0,2400 Pine Ridge Avenue NW,Bemidji,MN,56601-2110,47.492203,-94.90074399999999
736,4106,10,TREKNORTH HIGH SCHOOL,All Students,Graduate,82.86,35.0,2400 Pine Ridge Avenue NW,Bemidji,MN,56601,47.492203,-94.90074399999999
737,4107,10,VOYAGEURS EXPEDITIONARY SCHOOL,All Students,Graduate,72.73,11.0,3724 Bemidji Ave N,Bemidji,MN,56601-4335,47.5045706,-94.87472179999999
738,4110,10,PIM ARTS HIGH SCHOOL,All Students,Graduate,78.65,89.0,7255 Flying Cloud Drive,Eden Prairie,MN,55344,44.8717599,-93.4111969
740,4111,10,AUGSBURG FAIRVIEW ACADEMY,All Students,Graduate,25.0,28.0,2504 Columbus Ave,Minneapolis,MN,55404-4432,44.9569461,-93.26413889999999
741,4111,10,AUGSBURG FAIRVIEW ACADEMY,All Students,Graduate,25.0,28.0,2504 Columbus Ave,Minneapolis,MN,55404,44.9569461,-93.26413889999999
742,4112,10,ST PAUL CONSERVATORY PERFORMING ART,All Students,Graduate,89.86,138.0,16 W 5th Street,Saint Paul,MN,55102-1403,44.9450997,-93.09515669999999
747,4119,10,ACADEMIC ARTS HIGH SCHOOL,All Students,Graduate,51.85,27.0,"60 E Marie Ave, Ste #220",West Saint Paul,MN,55118-5932,44.8903522,-93.0824324
748,4119,10,ACADEMIC ARTS HIGH SCHOOL,All Students,Graduate,51.85,27.0,"60 E Marie Ave, Ste #220",West Saint Paul,MN,55118,44.8903522,-93.0824324
756,4120,30,ST. CROIX PREPARATORY ACADEMY UPPER,All Students,Graduate,94.25,87.0,4260 Stagecoach Tr N,Stillwater,MN,55082,45.012025,-92.79666399999999
757,4121,10,UBAH MEDICAL ACADEMY CHARTER SCHOOL,All Students,Graduate,93.02,86.0,1600 Main St,Hopkins,MN,55343-7409,44.9019949,-93.42964459999999
759,4122,10,EAGLE RIDGE ACADEMY CHARTER SCHOOL,All Students,Graduate,94.12,51.0,11111 Bren Road West,Minnetonka,MN,55343,44.90066729999999,-93.41897519999999
760,4122,10,EAGLE RIDGE ACADEMY CHARTER SCHOOL,All Students,Graduate,94.12,51.0,7255 Flying Cloud Dr,Eden Prairie,MN,55344,44.8717599,-93.4111969
761,4126,40,PRAIRIE SEEDS HIGH SCHOOL ACADEMY,All Students,Graduate,86.27,51.0,6200 W. Broadway Ave. N.,Brooklyn Park,MN,55428,45.0662683,-93.3736821
763,4131,10,METRO SCHOOLS CHARTER,All Students,Graduate,71.43,49.0,2600 26th Ave S,Minneapolis,MN,55406-4527,44.9550542,-93.2353213
764,4131,10,METRO SCHOOLS CHARTER,All Students,Graduate,71.43,49.0,620 Olson Memorial Hwy,Minneapolis,MN,55411,44.9850194,-93.2866054
765,4132,10,TWIN CITIES ACADEMY,All Students,Graduate,87.1,62.0,690 Birmingham,Saint Paul,MN,55106-5199,44.9622658,-93.03778299999999
766,4132,10,TWIN CITIES ACADEMY,All Students,Graduate,87.1,62.0,690 Birmingham,Saint Paul,MN,55106,44.9622658,-93.03778299999999
767,4146,10,NORTHERN LIGHTS COMMUNITY SCHOOL,All Students,Graduate,77.27,22.0,305 Bridge St,Warba,MN,55793-2829,47.1284099,-93.27026269999999
768,4146,10,NORTHERN LIGHTS COMMUNITY SCHOOL,All Students,Graduate,77.27,22.0,305 Bridge St,Warba,MN,55793,47.1284099,-93.27026269999999
769,4150,10,MINNESOTA ONLINE HIGH SCHOOL,All Students,Graduate,31.4,86.0,2314 University Ave W Ste 10,Saint Paul,MN,55114-1863,44.96252579999999,-93.19550799999999
771,4151,10,EDVISIONS OFF CAMPUS SCHOOL,All Students,Graduate,51.72,29.0,501 Main St,Henderson,MN,56044-7709,44.52810770000001,-93.90714700000001
772,4151,10,EDVISIONS OFF CAMPUS SCHOOL,All Students,Graduate,51.72,29.0,501 Main St,Henderson,MN,56044,44.52810770000001,-93.90714700000001
773,4160,10,SPECTRUM HIGH SCHOOL,All Students,Graduate,92.31,52.0,17796 Industrial Circle NW,Elk River,MN,55330-4754,45.2934112,-93.5511485
775,4166,10,EAST RANGE ACADEMY OF TECH-SCIENCE,All Students,Graduate,71.15,52.0,2000 Siegel Blvd,Eveleth,MN,55734-8642,47.4804383,-92.5203564
776,4166,10,EAST RANGE ACADEMY OF TECH-SCIENCE,All Students,Graduate,71.15,52.0,2000 Siegel Blvd,Eveleth,MN,55734,47.4804383,-92.5203564
777,4178,10,LINCOLN INTERNATIONAL SCHOOL,All Students,Graduate,34.43,61.0,2520 Minnehaha Ave,Minneapolis,MN,55404-2650,44.95625099999999,-93.24044699999999
778,4178,10,LINCOLN INTERNATIONAL SCHOOL,All Students,Graduate,34.43,61.0,2520 Minnehaha Ave,Minneapolis,MN,55404,44.95625099999999,-93.24044699999999
779,4183,10,LIONSGATE ACADEMY - MINNETONKA,All Students,Graduate,31.82,22.0,5605 Green Circle Drive,Minnetonka,MN,55343,44.9008408,-93.4074923
782,4200,10,STEP ACADEMY CHARTER SCHOOL,All Students,Graduate,89.74,39.0,835  5th St E.,Saint Paul,MN,55106,44.9597528,-93.0650971
784,4204,10,ROCHESTER STEM ACADEMY,All Students,Graduate,80.0,30.0,415 16th St SW,Rochester,MN,55902-2125,44.000609,-92.4692237
786,4207,10,VERMILION COUNTRY SCHOOL,All Students,Graduate,66.67,12.0,1 Enterprise Drive,Tower,MN,55790-0000,47.8037785,-92.2787036
787,4207,10,VERMILION COUNTRY SCHOOL,All Students,Graduate,66.67,12.0,1 Enterprise Dr,Tower,MN,55790-4000,47.8037785,-92.2787036
789,4217,10,DREAM TECHNICAL ACADEMY,All Students,Graduate,60.0,20.0,1705 16th Street NE,Willmar,MN,56201,45.14321289999999,-95.01817559999999
790,4217,20,CHOICE TECHNICAL ACADEMY,All Students,Graduate,20.0,15.0,315 South Grove Ave,Owatonna,MN,55060,44.0821417,-93.2201113
791,4229,10,JANE GOODALL ENVIRONMENTAL SCIENCE ACADEMY,All Students,Graduate,45.45,11.0,8046 83rd Street NW,Maple Lake,MN,55358,45.271057,-94.0570429
793,4237,10,CAREER PATHWAYS,All Students,Graduate,44.62,65.0,1355 Pierce Butler Rt,Saint Paul,MN,55104,44.9683565,-93.15738999999999
795,4238,10,ROCHESTER BEACON ACADEMY,All Students,Graduate,81.82,11.0,2521 Pennington Dr. NW,Rochester,MN,55901,44.0713771,-92.4994505
798,6012,20,ZUMBRO AREA LEARNING CENTER,All Students,Graduate,56.67,30.0,630 1st Ave NW,Byron,MN,55920,44.0355396,-92.6463038
801,6014,20,RUNESTONE REGIONAL LEARNING CENTER,All Students,Graduate,38.64,44.0,700 Northside Dr NE,Alexandria,MN,56308-5080,45.9017649,-95.36495509999999
804,6026,20,WEST CENTRAL AREA LEARNING CENTER,All Students,Graduate,43.48,23.0,9 West 2nd St S,Melrose,MN,56378,45.6730694,-94.81506759999999
806,6049,20,RIVER BEND AREA LEARNING CENTER,All Students,Graduate,44.0,50.0,1315 S Broadway,New Ulm,MN,56073-2223,44.29968100000001,-94.44661699999999
807,6051,10,REACH PROGRAMS,All Students,Graduate,40.0,10.0,395 Guernsey Lane,Red Wing,MN,55066-2093,44.536811,-92.5171628
808,6051,621,TOWER VIEW ALTERNATIVE HIGH SCHOOL,All Students,Graduate,46.15,39.0,154 Tower View Drive,Red Wing,MN,55066-2093,44.5692656,-92.6370108
810,6076,10,NORTHLAND LEARNING CENTER 010,All Students,Graduate,64.0,25.0,1201 S 13th Ave,Virginia,MN,55792-3361,47.5144064,-92.55499420000001
811,6076,20,NORTHLAND LEARNING CENTER 020,All Students,Graduate,7.14,14.0,1201 S 13th Ave,Virginia,MN,55792-3361,47.5144064,-92.55499420000001
818,6095,550,OAKLAND EDUCATION CENTER,All Students,Graduate,30.0,10.0,2001 2nd AVe NW,Austin,MN,55912,43.6681915,-93.0021657
