/tri_facility/FAC_LATITUDE,/tri_facility/FAC_LONGITUDE,/tri_facility/FACILITY_NAME,TRI Facility ID
0.0,0.0,AGGREGATE INDUSTRIES MAPLE GROVE READY MIX,1
0.0,0.0,AIRGAS SPECIALTY PRODUCTS INC S ST PAUL MN,1
0.0,0.0,AVEDA CORP,1
0.0,0.0,AYRSHIRE ELECTRONICS MN,1
0.0,0.0,AZZ GALVANIZING SERVICES-WINSTED,1
0.0,0.0,BIMEDA INC,1
0.0,0.0,BUHLER GROUP,1
0.0,0.0,CASS SCREW MACHINE PRODUCTS LLC,1
0.0,0.0,CEMSTONE - CHILDS ROAD,1
0.0,0.0,CEMSTONE - MIDWAY,1
0.0,0.0,CEMSTONE - ROSEMOUNT,1
0.0,0.0,CEMSTONE LAKELAND,1
0.0,0.0,CEMSTONE PRODUCTS-HASTINGS,1
0.0,0.0,CENTRAL CONCRETE,1
0.0,0.0,CHS INC LUBRICANTS PLANT,1
0.0,0.0,CUMMINS POWER GENERATION,1
0.0,0.0,DOOR ENGINEERING and MANUFACTURING CO,1
0.0,0.0,EASIWAY SYSTEMS INC,1
0.0,0.0,ELECTRO-MECHANICAL INDUSTRIES INC,1
0.0,0.0,ELECTROLUX HOME PRODUCTS,1
0.0,0.0,FEDERAL CORRECTIONAL INSTITUTION,1
0.0,0.0,FEDERAL PRISON CAMP,1
0.0,0.0,FORTERRA CONCRETE PRODUCTS - DULUTH,1
0.0,0.0,GREEN PLAINS FAIRMONT LLC,1
0.0,0.0,HEARTH and HOME TECHNOLOGIES INC LAKE CITY,1
0.0,0.0,HORMEL FOODS CORP-AUSTIN PLANT,1
0.0,0.0,JENNIE-O TURKEY STORE INC - PERHAM FEED MILL,1
0.0,0.0,LAND O'LAKES FARMLAND FEED,1
0.0,0.0,METRO MANUFACTURING INC,1
0.0,0.0,MIRATECH PRIOR LAKE INC,1
0.0,0.0,NORTECH SYSTEMS-MANKATO,1
0.0,0.0,PACE INDUSTRIES ST PAUL DIV,1
0.0,0.0,PARK INDUSTRIES-INTERIORS DIV,1
0.0,0.0,PIER FOUNDRY and PATTERN SHOP INC,1
0.0,0.0,PRO-CORN LLC (DBA POET PRESTON BIOREFINING),1
0.0,0.0,QUICK MINNESOTA INC DBA DOLE EXPLOSIVES,1
0.0,0.0,SAUK RAPIDS FEEDMILL GOLD'N PLUMP FARMS LLC,1
0.0,0.0,SENSATA TECHNOLOGIES,1
0.0,0.0,TCC - ST PAUL,1
0.0,0.0,ULLAND BROTHERS INC,1
0.0,0.0,US CBP WARROAD PORT OF ENTRY #MN0046,1
0.0,0.0,USP STRUCTURAL CONNECTORS,1
0.0,0.0,VIRGINIA PUBLIC UTILITIES,1
0.0,0.0,WATER GREMLIN CO,1
0.0,0.0,WESTWAY FEED PRODUCTS LLC,1
1713.0,895609.0,PROCESS DISPLAYS CO,1
400312.0,923036.0,PACE DAIRY FOODS CO,1
401313.0,44141.0,WIS-PAK OF MANKATO INC,1
405045.0,931115.0,LULL INDUSTRIES,1
405212.0,922857.0,HALCON CORP,1
405931.0,932655.0,HONEYWELL SOLID STATE ELECTRONICS CENTER,1
433030.0,940505.0,ELMORE TRUCK ACCESSORIES INC.,1
433236.0,924456.0,LAND O'LAKES FARMLAND FEED,1
433347.0,913749.0,NORTHERN AUTOMOTIVE SYSTEMS LLC SPRING GROVE DIV,1
433348.0,944621.0,BRANDFX LLC,1
433433.0,931812.0,AGRA RESOURCES LLC (DBA POET GLENVILLE),1
433522.0,940610.0,CROWN TONKA WALK-INS,1
433657.0,953344.0,RIDLEY BLOCK OPERATIONS,1
433657.0,960657.0,DARLING INGREDIENTS INC,1
433711.0,932107.0,INTERSTATE MEAT SERVICE INC,1
433717.0,932105.0,GREAT LAKES POLYMER TECHNOLOGIES ALBERT LEA PLANT,1
433734.0,932118.0,CARGILL INC.,1
433737.0,932020.0,AIRGAS NORTH CENTRAL INC,1
433744.0,932121.0,ALBERT LEA ELECTROPLATING,1
433804.0,953359.0,JBS USA LLC SWIFT PORK CO,1
433811.0,932027.0,CARPENTER CO,1
433817.0,945834.0,AGCO CORP JACKSON OPERATIONS,1
433835.0,961426.0,IBP INC,1
433836.0,932226.0,LOU-RICH INC,1
433842.0,932229.0,KERRY INGREDIENTS,1
433843.0,932226.0,FREEBORN FOODS CO,1
433847.0,932248.0,STREATER INC PLANT 2,1
433858.0,932122.0,FARMLAND FOODS INC,1
433859.0,932247.0,STREATER INC.,1
433901.0,961019.0,AGRI-ENERGY,1
433909.0,953228.0,HUBBARD FEEDS INC,1
433912.0,961325.0,LAND O'LAKES INC,1
433921.0,942650.0,3M CO-FAIRMONT,1
433930.0,932130.0,NATURAL BIOLOGICS LLC,1
433932.0,932351.0,IMPERIAL INC,1
433937.0,942726.0,"PICTSWEET FROZEN FOODS, FAIRMONT PLANT",1
433940.0,943018.0,AVERY WEIGH-TRONIX LLC,1
433944.0,932118.0,PROGRESS CASTING GROUP INC,1
434000.0,953500.0,CAMPBELL SOUP CO,1
434007.0,920457.0,FOREMOST FARMS USA,1
434008.0,943018.0,CHS FAIRMONT,1
434023.0,944230.0,INTERSTATE POWER and LIGHT CO FOX LAKE,1
434044.0,932266.0,FOUNTAIN IND CO,1
434152.0,925748.0,AUSTIN UTILITIES NORTHEAST POW ER STATION,1
434225.0,952712.0,MINNESOTA SOYBEAN PROCESSORS,1
434400.0,940900.0,CORN PLUS,1
434434.0,924234.0,MCNEILUS TRUCK and MANUFACTURING INC DEXTER,1
434445.0,934330.0,SWIFT-ECKRICH INC,1
434756.0,944907.0,LAKEFIELD JUNCTION STATION,1
434759.0,924055.0,GREAT RIVER ENERGY PLEASANT VALLEY STATION,1
434919.0,914534.0,TRW AUTOMOTIVE,1
434959.0,920953.0,TUOHY FURNITURE CORP,1
435007.0,921003.0,STRONGWELL - CHATFIELD DIV,1
435010.0,922900.0,CR BARD-STEWARTVILLE OPERATIONS PLANT 2,1
435033.0,933524.0,VENTURA FOODS LLC,1
435159.0,922926.0,GEOTEK LLC,1
435202.0,915108.0,RIVERSIDE ELECTRONICS LTD,1
435205.0,930300.0,ARKEMA INC,1
435322.0,933114.0,CARGILL FEED and NUTRITION NEW RICHLAND,1
435400.0,950430.0,ETHANOL 2000 LLP (DBA POET BIOREFINING-BINGHAM LAKE),1
435500.0,923000.0,WATERS INSTRUMENTS,1
435624.0,945452.0,MILK SPECIALTIES GLOBAL - MOUNTAIN LAKE,1
435800.0,943800.0,CONAGRA REFRIGERATED FOODS,1
435830.0,943645.0,OLSON INDUSTRIES INC,1
435846.0,943642.0,WESTIN AUTOMOTIVE PRODUCTS INC,1
435855.0,961725.0,US MARINE/BRUNSWICK FAMILY BOAT CO INC.,1
435858.0,943742.0,S-T IND INC,1
435900.0,961720.0,BAYLINER MARINE CORP,1
440000.0,910000.0,FUSION COATINGS INC,1
440003.0,933003.0,CRENLO CAB PRODUCTS INC PLANT 2,1
440005.0,922740.0,ASSOCIATED MILK PRODUCERS INC,1
440024.0,922732.0,SENECA FOODS CORP,1
440035.0,922819.0,SENECA FOODS CORP,1
440058.0,922738.0,KEMPS LLC,1
440116.0,913636.0,WATLOW,1
440129.0,913627.0,WILLET HAUSER ARCHITECTURAL GLASS,1
440136.0,913635.0,WE-NO-NAH CANOE INC,1
440140.0,922744.0,"KEMPS, LLC",1
440143.0,922738.0,ROCHESTER PUBLIC UTILITIES SILVER LAKE PLANT,1
440206.0,922952.0,KERRY INGREDIENTS and FLAVOURS INC,1
440210.0,925100.0,EHLER'S PAINT SHOP,1
440215.0,913648.0,BADGER FOUNDRY CO,1
440215.0,925100.0,MCNEILUS TRUCK and MANUFACTURING INC,1
440220.0,913630.0,MILLER FELPAX CORP,1
440292.0,922930.0,PEPSI-COLA BOTTLING CO,1
440303.0,913720.0,MILLER WASTE MILLS (DBA RTP CO),1
440310.0,913610.0,PEERLESS CHAIN CO,1
440310.0,914039.0,MIDWEST METAL PRODUCTS INC,1
440310.0,923052.0,BENCHMARK ELECTRONICS INC MINNESOTA DIV,1
440312.0,913749.0,BAY STATE MILLING CO,1
440320.0,913855.0,CYTEC ENGINEERED MATERIALS INC,1
440321.0,913850.0,BEHRENS INC,1
440323.0,913900.0,ALLIANT CASTINGS,1
440325.0,923139.0,CELESTICA CORP,1
440325.0,931345.0,CATERPILLAR FOREST PRODUCTS,1
440330.0,923021.0,IBM ROCHESTER,1
440330.0,923030.0,CELESTICA CORP,1
440353.0,931316.0,JOSTENS INC - SOUTHTOWN,1
440355.0,914132.0,BENCHMARK ELECTRONICS INC MINNESOTA DIV,1
440358.0,925907.0,AL-CORN CLEAN FUEL,1
440420.0,914245.0,BADGER EQUIPMENT CO,1
440424.0,933310.0,QG PRINTING II LLC,1
440432.0,914245.0,TRW AUTOMOTIVE WINONA,1
440432.0,933050.0,BIRDS EYE FOODS LLC,1
440438.0,914229.0,DIVERSIFIED FABRICATORS INC,1
440500.0,931345.0,CROWN FOOD PACKAGING,1
440500.0,931445.0,TRUTH HARDWARE PAINT PLANT,1
440510.0,931437.0,TRUTH HARDWARE CORP-OWATONNA,1
440518.0,931520.0,NATIONAL COMPUTER SYSTEMS INC,1
440519.0,933032.0,CINCH CONNECTIVITY SOLUTIONS,1
440520.0,931449.0,WENGER CORP,1
440522.0,931523.0,LAND O'LAKES FARMLAND FEED,1
440528.0,931503.0,VIRACON INC,1
440531.0,931519.0,LEE HOLDINGS,1
440539.0,931418.0,BOSCH AUTOMOTIVE SERVICE SOLUTIONS LLC,1
440703.0,931503.0,MUSTANG MFG CO INC,1
440723.0,913730.0,TRW AUTOMOTIVE-MACHINE BUILDING DIV,1
440727.0,931538.0,SLIDELL INC,1
440900.0,940218.0,ASSOCIATED ENG OF MANKATO INC,1
440902.0,940213.0,BIG GAIN INC,1
440930.0,940200.0,CHS MANKATO,1
440959.0,935927.0,LAND O'LAKES FARMLAND FEED,1
441002.0,940015.0,CROWN CORK and SEAL CO INC,1
441021.0,940244.0,MICO INC,1
441030.0,935955.0,DOTSON CO INC,1
441033.0,940153.0,CORPORATE GRAPHICS INTERNATIONAL INC,1
441033.0,940209.0,FINE IMPRESSIONS,1
441033.0,940219.0,CARLSON CRAFT COMMERCIAL,1
441033.0,940235.0,PRECISION PRESS,1
441040.0,940153.0,CARLSON CRAFT CATALOG,1
441040.0,940153.0,NATIONAL RECOGNITION PRODUCTS,1
441040.0,940236.0,CARLSON CRAFT SOCIAL,1
441044.0,935934.0,MGA GRAPHICS,1
441057.0,940300.0,KATO ENGINEERING,1
441100.0,941600.0,HEWITT MACHINE and MANUFACTURING INC.,1
441110.0,935930.0,ADM,1
441135.0,935953.0,FEED SERVICE CO INC,1
441140.0,935938.0,HUBBARD FEEDS INC,1
441213.0,935912.0,ATLAS ALCHEM PLASTICS INC.,1
441215.0,923830.0,DS MANUFACTURING INC,1
441221.0,923838.0,LAND O LAKES - PINE ISLAND,1
441313.0,945959.0,SANBORN MANUFACTURING,1
441318.0,935507.0,HINIKER CO,1
441340.0,935700.0,MIDWEST ELECTRIC PRODUCTS INC.,1
441418.0,945324.0,VIGORENA FEEDS,1
441441.0,945747.0,ACME BRICK COMPANY-OCHS BRICK,1
441501.0,930903.0,LITHO SPECIALTIES INC,1
441600.0,941100.0,"NICOLLET FOODS, DAVISCO DIV",1
441620.0,925907.0,FOLDCRAFT CO,1
441701.0,942555.0,KRAFT HEINZ CO-NEW ULM FACILITY,1
441728.0,931602.0,JENNIE-O TURKEY STORE INC,1
441736.0,931736.0,CROWN AEROSOL PACKAGING,1
441739.0,931619.0,K and G MANUFACTURING CO,1
441740.0,931550.0,BEATRICE CHEESE INC,1
441741.0,944415.0,DEL MONTE FOODS PLANT #114,1
441744.0,944336.0,ADVERTISING UNLIMITED,1
441750.0,944330.0,ANDERSON CUSTOM PROCESSING INC,1
441806.0,924107.0,DAIRICONCEPTS LP,1
441852.0,942427.0,ASSOCIATED MILK PRODUCERS INC,1
441856.0,942728.0,NEW ULM PUBLIC UTILITIES POWER PLANT,1
441859.0,931624.0,DAIKIN APPLIED,1
441929.0,931750.0,NORTHERN TOOL and EQUIPMENT,1
441930.0,931830.0,PROTIENT INC,1
441943.0,925713.0,DAVISCO ST PETER DIV,1
441951.0,942819.0,3M CO - NEW ULM,1
442026.0,935719.0,ALUMACRAFT BOAT CO,1
442026.0,945733.0,ONAN POWER ELECTRONICS,1
442030.0,935726.0,CREATION TECHNOLOGIES ST PETER,1
442038.0,942923.0,COLEMAN POWERMATE COMPRESSORS,1
442253.0,934417.0,FIBERGLAS FABRICATORS INC,1
442312.0,934303.0,WINCO INC,1
442451.0,922005.0,LAND O'LAKES,1
442543.0,933356.0,SENECA FOODS CORP,1
442600.0,921500.0,VALLEY CRAFT INC,1
442613.0,921530.0,FEDERAL-MOGUL POWERTRAIN SYSTEMS,1
442622.0,931109.0,FMC FOODTECH INC,1
442659.0,954747.0,HEARTLAND FOODS CO,1
442700.0,954940.0,MIDWEST AG SUPPLEMENTS MARSHALL FEED,1
442715.0,931000.0,MOM BRANDS,1
442730.0,954810.0,PPG INDUSTRIES INC WORKS #20,1
442734.0,954726.0,FLINT HILLS RESOURCES PINE BEND LLC MARSHALL,1
442800.0,935500.0,LE SUEUR CHEESE CO,1
442807.0,930924.0,MULTEK FLEXIBLE CIRCUITS INC,1
442807.0,954735.0,SCHWAN'S FOOD MANUFACTURING INC CFP/SFP,1
442807.0,954736.0,SCHWAN'S GLOBAL SUPPLY CHAIN ICE CREAM PLANT,1
442813.0,954727.0,ADM,1
442831.0,935417.0,ADC TELECOMMUNICATIONS INC,1
442837.0,932458.0,TELAMCO INC,1
442858.0,935552.0,LE SUEUR INC,1
442904.0,935343.0,MARS PETCARE US INC,1
442935.0,935202.0,CAMBRIA PLANT,1
443000.0,931930.0,PILLSBURY GREEN GIANT FILM CONVERTING,1
443106.0,925413.0,CANNON EQUIPMENT MIDWEST,1
443108.0,925403.0,AMESBURY GROUP INC,1
443110.0,925411.0,BERGQUIST CO,1
443114.0,925418.0,GEMINI - CANNON FALLS,1
443220.0,950701.0,DAKTRONICS INC,1
443226.0,942012.0,HEARTLAND CORN PRODUCTS,1
443226.0,942146.0,DAIRY FARMERS OF AMERICA INC,1
443230.0,933730.0,ASSOCIATED MILK PRODUCERS INC NEW PRAGUE,1
443237.0,950526.0,SCHULT REDWOOD FALLS,1
443246.0,923409.0,S B FOOT TANNING CO,1
443252.0,922921.0,USG INTERIORS LLC,1
443300.0,931648.0,AMERICAN MEDICAL SYSTEMS,1
443300.0,931648.0,AMERICAN MEDICAL SYSTEMS INC,1
443304.0,933459.0,CHART INC,1
443314.0,941200.0,M G WALDBAUM,1
443340.0,955913.0,SCHOTT CORP,1
443400.0,923110.0,ADM CO,1
443404.0,923157.0,RED WING SHOE CO INC PLANT 1,1
443410.0,923149.0,RIVERA CABINETS,1
443423.0,923523.0,RED WING SHOE PLANT 2,1
443425.0,950649.0,CENTRAL BI-PRODUCTS,1
443430.0,923630.0,CARLISLE POWER TRANSMISSION PRODUCTS,1
443634.0,954012.0,MID CONTINENT CABINETRY,1
443705.0,930702.0,MENASHA CORP,1
443749.0,944354.0,SCHWEISS DISTRIBUTING INC,1
443755.0,930846.0,CROWN CORK and SEAL CO INC,1
443800.0,931330.0,HITCHCOCK INDUSTRIES INC LAKEVILLE OPERATIONS,1
443800.0,931400.0,ROTADYNE ROLL GROUP,1
443805.0,931341.0,UNIVAR USA INC LAKEVILLE,1
443832.0,931025.0,DUO PLASTICS INC,1
443836.0,930834.0,KEMPS LLC,1
443842.0,931005.0,VALMONT INDUSTRIES INC,1
444029.0,912229.0,WINCRAFT INC,1
444152.0,930841.0,DIXIE PETRO-CHEM INC,1
444200.0,930320.0,DOLE EXPLOSIVES INC,1
444301.0,961551.0,SCHOTT CORP,1
444309.0,925042.0,CURTIS ELECTRONICS CORP,1
444321.0,930115.0,RAYFO INC,1
444326.0,930211.0,WASTEQUIP INC (DBA RAYFO),1
444356.0,931119.0,HANSON PIPE and PRODUCTS INC,1
444400.0,940700.0,PLATO WOODWORK INC,1
444405.0,925025.0,INTEK PLASTICS INC,1
444419.0,925050.0,CONAGRA FOODS GRAIN PROCESSING CO,1
444437.0,931840.0,ROSEMOUNT AEROSPACE INC,1
444441.0,925009.0,INTEK PLASTICS INC,1
444447.0,931848.0,CHART INDUSTRIES INC,1
444518.0,945500.0,TINO'S ITALIAN SPECIALTIES,1
444524.0,930125.0,FLINT HILLS RESOURCES LP,1
444525.0,930036.0,SPECTRO ALLOYS CORP,1
444539.0,931858.0,PRINCESS MARBLE ACQUISITION LLC,1
444548.0,935055.0,BONGARDS' CREAMERIES,1
444549.0,930130.0,DPC INDUSTRIES INC,1
444552.0,933100.0,MICROSOURCE LLC,1
444553.0,930150.0,CONTINENTAL NITROGEN and RESOURCES CORP,1
444600.0,930225.0,FLINT HILLS RESOURCES PINE BEND LLC,1
444603.0,940902.0,ASSOCIATED MILK PRODUCERS INC,1
444605.0,935538.0,OAK GROVE DAIRY,1
444609.0,940921.0,ADM ANIMAL NUTRITION,1
444615.0,943528.0,BUFFALO LAKE ADVANCED BIOFUELS,1
444619.0,940941.0,SENECA FOODS,1
444630.0,932130.0,PROCHASKA LLC,1
444630.0,941044.0,MILLER MANUFACTURING CO,1
444631.0,932128.0,FABCON INC,1
444642.0,932054.0,CONTINENTAL MACHINES INC.,1
444646.0,932010.0,SILGAN CONTAINERS MANUFACTURING CORP,1
444653.0,930143.0,LAND O'LAKES PURINA FEED LLC - INVER GROVE HEIGHTS,1
444659.0,930206.0,UNION CARBIDE INDUSTRIAL GASES INC,1
444706.0,931952.0,FLINT HILLS RESOURCES PINE BEND LLC SAVAGE,1
444714.0,952122.0,WARNER MFG CO,1
444715.0,932725.0,TYCO ELECTRONICS,1
444717.0,932713.0,TSUMURA INTL,1
444719.0,925415.0,3M COTTAGE GROVE CENTER,1
444721.0,932708.0,ADC TELECOMMUNICATIONS INC,1
444726.0,931524.0,BOTTLING GROUP LLC D/B/A PEPSI BEVERAGES CO,1
444729.0,932705.0,CONKLIN CO INC,1
444730.0,951000.0,SOUTHERN MINNESOTA BEET SUGAR COOPERATIVE,1
444734.0,932717.0,QG PRINTING II CORP,1
444736.0,925400.0,LSP - COTTAGE GROVE LP,1
444738.0,932545.0,AGGREGATE INDUSTRIES - SHAKOPEE READY MIX,1
444744.0,932742.0,ASHLAND DISTRIBUTION CO,1
444747.0,932748.0,FREMONT INDUSTRIES LLC,1
444750.0,933215.0,RAHR MALTING CO,1
444751.0,932841.0,CERTAINTEED SHAKOPEE,1
444752.0,932752.0,ANCHOR GLASS CONTAINER CORP-SHAKOPEE,1
444756.0,932819.0,INLAND CONTAINER CORP,1
444805.0,931707.0,XCEL ENERGY BLACK DOG GENERATING PLANT,1
444811.0,932220.0,DETECTOR ELECTRONICS CORP,1
444856.0,925656.0,ADVANCE CORP,1
444920.0,930648.0,WEST PUBLISHING CO,1
444935.0,931217.0,FINISHING EQUIPMENT INC,1
444937.0,931814.0,FLAME METALS PROCESSING BLOOMINGTON,1
444940.0,930652.0,MICROPARTS INC,1
444945.0,933600.0,BECKMAN COULTER INC,1
444949.0,931717.0,PRINTED CIRCUITS INC,1
444956.0,931758.0,ADDED VALUE TECHNOLOGY,1
444959.0,930749.0,BO-DECOR METAL FINISHING INC,1
445000.0,931000.0,PARAMAX SYSTEMS CORP UNISYS PARK CSD,1
445000.0,933000.0,"CURWOOD MINNESOTA, LLC",1
445000.0,953000.0,STANT CORP PLEWS/EDELMANN DIV,1
445003.0,930707.0,GOPHER RESOURCE LLC,1
445008.0,931700.0,THERMO KING CORP,1
445017.0,933432.0,FSI INTERNATIONAL,1
445019.0,934719.0,ELKAY WOOD PRODUCTS CO,1
445025.0,933447.0,LAKE REGION MANUFACTURING INC DBA LAKE REGION MEDICAL,1
445026.0,931002.0,UNISYS CORP SEMICONDUCTOR OPERATIONS,1
445031.0,933500.0,MANUS PRODUCTS INC,1
445037.0,931110.0,WATER HEATER INNOVATIONS INC.,1
445039.0,933207.0,ROBERTS AUTOMATIC PRODUCTS INC,1
445040.0,933346.0,QUALITECH INC,1
445042.0,931702.0,CONSOLIDATE PRECISION PRODUCTS-MINNEAPOLIS OPERATION,1
445043.0,933539.0,SUPER RADIATOR COILS,1
445045.0,930725.0,BROWN MINNEAPOLIS TANK,1
445045.0,933352.0,QUALI TECH INC DIV 6,1
445051.0,931407.0,SKYWATER TECHNOLOGY FOUNDRY INC,1
445051.0,931407.0,VTC INC RIVER RIDGE,1
445052.0,933853.0,NORDIC TRACK,1
445053.0,930029.0,ST PAUL PARK REFINING CO LLC,1
445053.0,930812.0,HILEX CORP (DBA KIK MINNESOTA INC),1
445053.0,931705.0,ONYX SPECIAL SERVICES INC,1
445055.0,933531.0,PR INDUSTRIES INC,1
445080.0,931711.0,FMS CORP,1
445100.0,930909.0,MIDWEST COCA-COLA BOTTLING CO,2
445100.0,932100.0,"SEAGATE TECH INC, NSO",1
445100.0,934700.0,PRO-TECH INC,1
445102.0,930659.0,CRAY RESEARCH INC,1
445105.0,933655.0,LIFECORE BIOMEDICAL LLC,1
445110.0,933351.0,QUANTUM CONTROLS INC,1
445111.0,931353.0,POLAR SEMICONDUCTOR LLC,1
445112.0,933529.0,PEMSTAR INC.,1
445117.0,930856.0,MATERIALS PROCESSING CORP,1
445117.0,933543.0,PROTECH INTERCONNECT SOLUTIONS LLC,1
445118.0,933222.0,EMERSON AUTOMATION SOLUTIONS ROSEMOUNT INC,2
445120.0,930825.0,PEPSI-COLA BOTTLING CO EAGAN,1
445121.0,930648.0,ECOLAB ENGINEERING CENTER,1
445122.0,930907.0,W.R. GRACE and CO. - CONN. GRACE CONSTRUCTION PRODUCTS,1
445124.0,932824.0,ITT SCHADOW,1
445126.0,930218.0,LOFTON LABEL INC,1
445129.0,931334.0,GENERAL DYNAMICS ADVANCED INFORMATION SYSTEMS HQG/D,1
445130.0,930830.0,ROSEMOUNT INC,1
445130.0,930900.0,UNISYS MATERIALS MANAGEMENT CENTER CSD,1
445130.0,932730.0,GENERAL MILLS,1
445133.0,932030.0,ADC TELECOMMUNICATIONS INC,1
445133.0,932855.0,BIRCHWOOD LABORATORIES INC,1
445135.0,933542.0,PARKER HANNIFIN CORP,1
445136.0,931133.0,SAFETY-KLEEN SYSTEMS EAGAN (EAB),1
445137.0,932749.0,EATON MDH INC,1
445139.0,932033.0,SEAGATE TECHNOLOGY,1
445140.0,932605.0,EMERSON CONTROL TECHNIQUES,1
445144.0,932600.0,APPLIED COATING TECHNOLOGY INC PLANT 1,1
445145.0,933045.0,PRESS INC,1
445147.0,933100.0,AUTOMATED BUILDING COMPONENTS,1
445151.0,933636.0,MCLAUGHLIN GORMLEY KING,1
445154.0,932003.0,ROBERTS AUTOMATIC PRODUCTS,1
445156.0,930909.0,ERGOTRON INC.,1
445200.0,931800.0,"SEAGATE TECH INC, MPS",1
445200.0,932100.0,IMPRIMIS TECH INC,1
445200.0,932130.0,"SEAGATE TECH INC, OVR",1
445200.0,942200.0,GOEBEL FIXTURE CO INC,1
445200.0,942300.0,MINNESOTA SPECIALTY YEAST LLC,1
445210.0,932115.0,FILMTEC CORP,1
445210.0,932420.0,GUSTAFSON LLC,1
445213.0,930305.0,TANDEM PRODUCTS INC,1
445220.0,922636.0,ROSEMOUNT INC,1
445220.0,932135.0,THIELE ENGINEERING CO,1
445224.0,931004.0,APPLIED COATING TECHNOLGY INC PLANT 2,1
445224.0,932403.0,DOUGLAS CORP,1
445230.0,930000.0,DAKOTA PREMIUM FOODS,1
445230.0,931016.0,PECHINEY PLASTIC PACKAGING PPMM,1
445230.0,932230.0,IDEUS INC,1
445233.0,930132.0,TWIN CITY TANNING CO LLP,1
445233.0,932355.0,VIKING PRESS INC,1
445242.0,932415.0,PHILLIPS and TEMRO INDUSTRIES INC.,1
445245.0,931314.0,NORTHWEST AIRLINES INC,1
445245.0,931340.0,NORTHWEST AIRLINES ROCHESTER MUNICIPAL AIRPORT,1
445246.0,932428.0,CONTROL DATA CORP,1
445249.0,942132.0,3M CO-HUTCHINSON,1
445250.0,932451.0,NORTRONICS CO INC,1
445252.0,932424.0,RELIANCE MOTION CONTROL,1
445255.0,931359.0,CENTURY MFG CO,1
445300.0,930030.0,GERDAU AMERISTEEL ST PAUL MILL,1
445301.0,930128.0,SANIMAX USA LLC,1
445301.0,940211.0,POLY FOAM INC,1
445302.0,940216.0,AMEREQUIP SCHWARTZ DIV,1
445303.0,932421.0,PHYSICAL ELECTRONICS PHYSICAL ELECTRONICS DIV,1
445310.0,932400.0,MACDERMID INC EDEN PRAIRIE,1
445312.0,932420.0,BODYCOTE THERMAL PROCESSING,1
445323.0,930403.0,MULTI-ARC SCIENTIFIC COATINGS INC,1
445324.0,930415.0,FLINT INK NA CORP,1
445328.0,932704.0,LOGIC PD INC,1
445330.0,930430.0,TAPEMARK CO,1
445330.0,933630.0,APEX INTERNATIONAL,1
445331.0,942110.0,HAUGEN FURNITURE CO,1
445334.0,931705.0,AGGREGATE INDUSTRIES MINNEAPOLIS READY MIX,1
445340.0,942249.0,NEW DIMENSION PLATING INC,1
445343.0,942258.0,HUTCHINSON MANUFACTURING INC,1
445344.0,931257.0,US AIR FORCE MINNEAPOLIS-ST PAUL IAP ARS MN,1
445344.0,932621.0,SUEZ WTS SOLUTIONS USA INC,1
445345.0,930145.0,WATEROUS CO INC,1
445350.0,932355.0,HONEYWELL INC EDINA BLDG,1
445355.0,930101.0,HAWKINS WATER TREATMENT GROUP - RED ROCK,1
445356.0,942115.0,HUTCHINSON TECHNOLOGY INC,1
445400.0,931000.0,LORAL DEFENSE SYS-EAGAN,1
445405.0,932502.0,HOLADAY CIRCUITS INC,1
445426.0,930904.0,QUEBECOR PRINTING ST PAUL,1
445426.0,931843.0,BARREL FINISH INC,1
445430.0,931830.0,LEJEUNE STEEL CO,1
445450.0,931145.0,FORD MOTOR CO. TWIN CITIES ASSEMBLY PLANT,1
445451.0,932455.0,KANGAS ENAMELING,1
445453.0,932536.0,METRO MARK INC,1
445455.0,930253.0,HONEYWELL ADVANCED CIRCUITS INC,1
445500.0,932100.0,HONEYWELL ADVANCED CIRCUITS INC,1
445500.0,932514.0,MACTAC ENGINEERED PRODUCTS,1
445504.0,932523.0,SHANNON GROUP INC TONKA DIV,1
445504.0,932528.0,SIERRA CORP,1
445505.0,931148.0,MULTI-CLEAN INC,1
445514.0,925836.0,DEAN FOODS NORTH CENTRAL LLC-WOODBURY,1
445516.0,925745.0,ECOWATER SYSTEMS INC.,1
445521.0,933550.0,NORTHERN STAR CO,1
445526.0,930242.0,PM AG PRODS INC,1
445530.0,930630.0,"NEXEO SOLUTIONS, LLC",1
445537.0,932326.0,EDCO PRODUCTS INC,1
445537.0,932333.0,ALLIANT TECHSYSTEMS INC HOPKINS FACILITY,1
445545.0,960115.0,BLUEGRASS PROTEINS,1
445548.0,931505.0,GRACO INC,1
445552.0,932157.0,LINDBERG HEAT TREATING CO,1
445553.0,932233.0,SUPER RADIATOR COILS,1
445555.0,931340.0,PURINA MILLS LLC,1
445600.0,930448.0,SEACOLE - CandH,1
445600.0,930630.0,EXCEL ENERGY HIGH BRIDGE GENERATING PLANT,1
445600.0,932138.0,LIND ELECTRONICS INC,1
445600.0,932500.0,DAYTON ROGERS MANUFACTURING CO,1
445604.0,930549.0,J and L WIRE CLOTH CO INC,1
445605.0,930546.0,MODINE N CENTRAL INC,1
445607.0,932206.0,FLAME METALS PROCESSING CORP PLANT 1,1
445608.0,930436.0,VIKING DRILL and TOOL INC,1
445610.0,932415.0,ADVANCED FLEX INC PLANT 3,1
445610.0,932825.0,ST JUDE MEDICAL DAIG DIV,1
445610.0,932855.0,IFLEX INC,1
445613.0,930510.0,REXAM BEVERAGE CAN CO,1
445614.0,930529.0,AUTOMATIC PRODUCTS INTERNATIONAL LTD,1
445614.0,930555.0,AMERICRAFT CARTON INC,1
445614.0,932824.0,"PRECISION DIVERSIFIED, IND INC",1
445615.0,932118.0,MINNESOTA RUBBER,1
445616.0,932159.0,HARDCOAT INC,1
445617.0,932106.0,DOUGLAS CORP PLATING DIV,1
445619.0,952304.0,TEBBEN MANUFACTURING CO INC,1
445620.0,934000.0,CR MANUFACTURING CO,1
445625.0,930503.0,DIAL CORP,1
445625.0,930530.0,3M CO,1
445625.0,960315.0,AG PROCESSING INC A COOPERATIVE,1
445627.0,930304.0,FLINT HILLS RESOURCES PINE BEND LLC ST PAUL,1
445628.0,960348.0,JENNIE-O TURKEYSTORE DAWSON FEED MILL,1
445629.0,902025.0,SUPREME FINISHERS INC,1
445630.0,930429.0,BROWN and BIGELOW INC,1
445631.0,930306.0,HAWKINS TERMINAL I,1
445631.0,930602.0,TAMOR CORP,1
445638.0,932032.0,NORTHLAND ALUMINUM PRODUCTS I NC,1
445645.0,931320.0,SILGAN CONTAINERS MANUFACTURIN G CORP,1
445646.0,931403.0,BOKER'S INC,1
445655.0,902714.0,HONEYWELL ADVANCED CIRCUITS INC,1
445656.0,930909.0,LOES ENTERPRISES INC,1
445657.0,931634.0,NICO PRODUCTS INC,1
445658.0,931004.0,CO-OPERATIVE PLATING CO,1
445700.0,940400.0,DAIRY FARMERS OF AMERICA INC,1
445702.0,930514.0,BUCKBEE-MEARS ST PAUL,1
445707.0,931444.0,SMITH FOUNDRY CO,1
445708.0,931718.0,MIRROR FACTORY INC,1
445710.0,925540.0,AUGSBURG FORTRESS PUBLISHING,1
445712.0,954154.0,JENNIE-O FOODS INC,1
445715.0,930000.0,3M CO CENTER PILOT PLANTS,1
445715.0,931330.0,HIAWATHA METALCRAFT,1
445715.0,931330.0,HIAWATHA METALCRAFT BLDG # 2,1
445715.0,931341.0,H and B ELEVATORS INC.,1
445716.0,930909.0,RAYVEN INC,1
445716.0,931357.0,FLOUR CITY ARCHITECTURAL METALS,1
445717.0,932250.0,MAGNETIC PERIPHERALS INC,1
445719.0,930607.0,DIAMOND PRODUCTS CO,1
445719.0,930607.0,NOBLES MANUFACTURING INC,1
445730.0,931500.0,BYSTROM BROTHERS INC,1
445730.0,932510.0,DELUXE BUSINESS SYSTEMS,1
445730.0,933342.0,GENERAL MILLS INC CHANHASSEN PLANT,1
445732.0,931036.0,HARCROS CHEMICALS INC,1
445732.0,931123.0,NOR-LAKES SERVICES MIDWEST INC,1
445733.0,932142.0,FOOD PRODUCERS INTERNATIONAL,1
445737.0,931139.0,WESTROCK MN CORP,1
445737.0,931220.0,SAMINA SCI,1
445737.0,980619.0,AAA METAL FINISHING INC,1
445739.0,931039.0,MCGILL JENSEN INC,1
445744.0,931151.0,SEWALL GEAR MFG CO,1
445745.0,930825.0,ST PAUL BRASS FOUNDRY CO,1
445746.0,931137.0,TETRA PAK EQUIPUS INC,1
445749.0,932045.0,KAPAK CORP,1
445750.0,931730.0,PRECISION PLATING INC,1
445752.0,930730.0,SPARTAN MFG CO INC,1
445753.0,930350.0,3M CO - ST. PAUL EASTSIDE SITE,1
445754.0,954302.0,MICRO DYNAMICS CORP BUILDING 2,1
445755.0,954251.0,LOGIC PD INC MONTEVIDEO,1
445758.0,932118.0,HONEYWELL INC,1
445800.0,930502.0,UNIVAR USA INC-ST PAUL,1
445800.0,931540.0,BUREAU OF ENGRAVING INC GRAPHICS DIV,1
445800.0,931600.0,PILLSBURY CO,1
445800.0,933108.0,HAWKINS INC,1
445801.0,930311.0,GLOBE BUILDING MATERIALS INC,1
445802.0,930345.0,NORTHERN IRON and MACHINE,1
445803.0,930501.0,3M CO ST PAUL INDUSTRIAL ABRASIVES,1
445803.0,930501.0,OLIVE STREET SCREEN PRINTING,1
445805.0,931055.0,PLATING INC,1
445806.0,930512.0,ADVANCE CORP,1
445809.0,931140.0,FISHER NUT CO,1
445813.0,931129.0,MIXON INC,1
445813.0,940907.0,ETA SYS INC MFG,1
445815.0,930230.0,ADVANCE CORP,1
445819.0,931233.0,H B FULLER CO,1
445819.0,931537.0,DOUGLAS CORP,1
445820.0,930845.0,GNB INC,1
445822.0,930721.0,CONTAINER CORP OF AMERICA,1
445823.0,931204.0,LIFECORE BIOMEDICAL INC,1
445826.0,931555.0,LAND O'LAKES FARMLAND FEED,1
445827.0,931513.0,VALSPAR CORP,1
445828.0,931245.0,NORTHERN STAR CO,1
445829.0,931159.0,H B FULLER CO,1
445830.0,930740.0,ELECTRO-PLATING ENG INC,1
445830.0,931130.0,BRENNTAG GREAT LAKES LLC,1
445832.0,931522.0,SAMUEL BINGHAM CO,1
445835.0,931306.0,REICHHOLD CHEMICALS INC,1
445836.0,931036.0,GENERAL FOAM OF MINNESOTA INC,1
445837.0,931654.0,WANNER ENGINEERING INC,1
445840.0,931217.0,IVC NORTH INC (DBA TI KROMATIC INDUSTRIAL),1
445841.0,931732.0,A and L LABORATORIES INC,1
445845.0,930553.0,SPLASH PRODUCTS,1
445847.0,931347.0,MCLAUGHLIN GORMLEY KING CO,1
445848.0,931549.0,NORTHERN TELECOM,1
445848.0,931549.0,PARKER HANNIFIN CORP GRESEN HYDRAULICS,1
445857.0,931252.0,RITRAMA INC,1
445858.0,931305.0,GREATBATCH LTD (D/B/A GREATBATCH MEDICAL),1
445900.0,931458.0,PRIVATE LABEL CHEMICALS INC,1
445903.0,931239.0,KOHL and MADDEN PRINTING INK COR P,1
445903.0,931311.0,WEATHER-RITE LLC,1
445910.0,932145.0,HONEYWELL INC,1
445915.0,932110.0,TENNANT CO,1
445920.0,931225.0,TWIN CITY DIE CASTINGS CO,1
445922.0,932313.0,NORTHERN PRINTING INK CORP,1
445923.0,931301.0,EXCEL METAL FINISHING,1
445924.0,931525.0,SUPERIOR PLATING INC,1
445929.0,925825.0,H B FULLER CO INDUSTRIAL COATINGS DIV,1
445930.0,931431.0,BODYCOTE METALLURGICAL,1
445930.0,931434.0,MINNESOTA METAL FINISHING INC,1
445930.0,933530.0,WASHINGTON SCIENTIFIC IND LONG LAKE PLANT,1
445931.0,933255.0,"HONEYWELL INC, RESIDENTIAL and BUILDING CONTROL",1
445933.0,931303.0,TWIN CITY CHROMIUM PLATING,1
445934.0,930545.0,SAINT PAUL REGIONAL WATER SERVICES,1
445935.0,932359.0,LUBRICATION TECHNOLOGIES INC,1
445938.0,931402.0,PROSPECT FOUNDRY LLC,1
445938.0,932335.0,GENERAL MILLS OPS INC JAMES FORD BELL TECHNICAL CENTER,1
445940.0,930110.0,METAL MATIC INC,1
445949.0,931623.0,GRACO MINNESOTA INC - MINNEAPOLIS,1
445953.0,931625.0,PIONEER METAL FINISHING,1
445955.0,931350.0,DAIRY FRESH CO,1
445955.0,931351.0,INTERPLASTIC CORP,1
445955.0,932641.0,AVECOR CARDIOVASCULAR INC,1
445955.0,932736.0,WAGNER SPRAY TECH CORP,1
445958.0,931000.0,H M SMYTH CO INC,1
445959.0,931414.0,GENERAL MILLS OPERATIONS INC. PURITY OATS FACILITY,1
445959.0,931515.0,ELECTRIC MACHINERY CO LLC,1
445959.0,931709.0,KEMPS LLC,1
445959.0,932020.0,"NESTLE HEALTHCARE NUTRITION, INC.",1
448414.0,903345.0,SPECSYS INC,1
448613.0,935541.0,PARKER HANNIFIN CORP,1
450000.0,922700.0,BOSTON SCIENTIFIC SCIMED INC,1
450000.0,922700.0,BOSTON SCIENTIFIC WEAVER LAKE CAMPUS,1
450000.0,923200.0,DEGUSSA CONSTRUCTION CHEMICALS OPERATIONS INC,1
450000.0,930206.0,3M CO OPTICAL RECORDING DEPT,1
450000.0,930900.0,GRACE-LEE PRODUCTS INC,1
450000.0,931248.0,DAVIS FROST INC,1
450000.0,931500.0,ADM MILLING CO,1
450000.0,931500.0,DAKOTA GROWERS PASTA CO MINNESOTA DIV,1
450000.0,931500.0,WHIRL-AIR-FLOW,1
450000.0,931604.0,DIAMOND VOGEL-NORTH INC,1
450000.0,932145.0,HONEYWELL INTERNATIONAL INC HOME and BUILDING TECHNOLOGIES,1
450000.0,932700.0,UNIVERSAL CIRCUITS INC,1
450000.0,933000.0,LSI CORP OF AMERICA INC,1
450000.0,992050.0,COLOPLAST MANUFACTURING US LLC,1
450003.0,931246.0,BUREAU OF ENGRAVING INC ELECTRONICS GROUP,1
450010.0,931137.0,TESORO REFINING and MARKETING ROSEVILLE TERMINAL,1
450010.0,931509.0,PERMATITE MANUFACTURING,1
450010.0,932805.0,PROTO LABS,1
450012.0,932326.0,TECHNICAL PLATING INC,1
450013.0,931336.0,HONEYWELL AEROSPACE - MINNEAPOLIS,1
450014.0,932767.0,UPSHER-SMITH LABS INC,1
450015.0,930619.0,AGROPUR INC,1
450015.0,931215.0,PAPER CALMENSON and CO,1
450015.0,932718.0,CONTROL DATA CORP EMPROS SYSTEMS INTERNATIONAL DIV,1
450016.0,932250.0,RSP PLATING INC,1
450021.0,931618.0,PACKAGING CORP OF AMERICA,1
450024.0,931152.0,STONE CONTAINER CORP,1
450027.0,933925.0,ELECTROCHEMICALS INC,1
450028.0,931447.0,UNIVERSAL PLATING INC,1
450030.0,932758.0,NEVERS INDUSTRIES INC,1
450032.0,932729.0,AACRON INC,1
450032.0,935958.0,GE SECURITY,1
450038.0,931228.0,UNISYS CORP,1
450039.0,931649.0,GRAPHICS UNLIMITED INC,1
450041.0,931204.0,DELUXE BUSINESS SYS,1
450042.0,931133.0,ARTISTIC FINISHES INC,1
450042.0,931222.0,UNICIRCUIT ROSEVILLE,1
450043.0,933953.0,MACDERMID ENTHONE AMERICA LLC,1
450044.0,931634.0,JAPS/OLSON CO,1
450044.0,932540.0,"BASF CORPORATION, MINNEAPOLIS SITE",1
450046.0,932805.0,PRECISION DIVERSIFIED INDUSTRIES LLC,1
450047.0,933948.0,INNOVEX INC.,1
450050.0,931600.0,GRACE-LEE PRODUCTS INC,1
450051.0,931642.0,GAF BUILDING MATERIALS CORP,1
450054.0,932945.0,CIRCUIT SCIENCE INC,1
450057.0,931607.0,HARD CHROME INC,1
450059.0,932241.0,TRC CIRCUITS INC,1
450059.0,932805.0,WATT/PETERSON INC,1
450059.0,932847.0,BANNER ENGINEERING CORP,1
450100.0,930100.0,HYDROSTREAM BOATS,1
450100.0,931200.0,DIMENSION IMAGING,1
450100.0,931552.0,MED-TEK INC,1
450101.0,931211.0,EVOQUA WATER TECHNOLOGIES LLC,1
450102.0,932245.0,UNIVERSAL PLASTICS INC,1
450107.0,932731.0,DANFOSS POWER SOLUTIONS (US) CO,1
450109.0,930625.0,WM LAMPTRACKER INC,1
450115.0,931110.0,LUBRICATION TECHNOLOGIES INC,1
450115.0,931630.0,XCEL ENERGY RIVERSIDE GENERATING PLANT,1
450117.0,931044.0,RAMSEY TECHNOLOGY INC,1
450118.0,931155.0,BRENNTAG GREAT LAKES LLC,1
450120.0,930230.0,SAPUTO DAIRY FOODS USA,1
450120.0,931035.0,HONEYWELL ELECTRONIC MATERIALS INC,1
450128.0,931656.0,ILLBRUCK FOAMTEC INC.,1
450130.0,931530.0,ZALK STEEL and SUPPLY CO,1
450130.0,931652.0,FEDERAL FOAM TECHNOLOGIES INC,1
450134.0,931612.0,APPLIED COATING TECHNOLOGY INC PLANT 3,1
450140.0,931711.0,FLAME METALS MINNEAPOLIS PLANT,1
450143.0,932247.0,DURA-PROCESS CO,1
450149.0,924643.0,XCEL ENERGY A S KING GENERATING PLANT,1
450200.0,931500.0,MAAX US CORP.,1
450200.0,932700.0,SCHNEIDER USA INC,1
450205.0,924631.0,ANDERSEN CORP,1
450208.0,930130.0,PROLIANCE INTERNATIONAL INC.,1
450208.0,931214.0,WILLAMETTE INDUSTRIES INC,1
450214.0,931550.0,ELECTRO LABORATORIES INC,1
450215.0,930423.0,MOLEX COPPER FLEX PRODUCTS,1
450216.0,931506.0,H B FULLER CO MONARCH DIV,1
450217.0,932233.0,ROBINSON RUBBER PRODUCTS CO,1
450218.0,931127.0,TREND SCIENTIFIC INC,1
450218.0,931505.0,INVEST CAST INC,1
450222.0,931604.0,ADVANCED FLEX INC PLANT 2,1
450228.0,924910.0,3M CO STILLWATER,1
450230.0,932230.0,NORDIC PRESS INC,1
450230.0,932344.0,AVTEC FINISHING SYSTEMS INC,1
450235.0,931810.0,OWENS CORNING ROOFING and ASPHALT LLC,1
450240.0,931900.0,HOWE CO,1
450242.0,932326.0,BELLCOMB,1
450243.0,932331.0,INNO-FLEX CORP,1
450246.0,930319.0,HB FULLER PILOT FACILITY,1
450250.0,930302.0,INTERPLASTIC CORP,1
450253.0,932253.0,ALPHA CERAMICS INC.,1
450254.0,932324.0,MINNEAPOLIS DIE CASTING LLC,1
450254.0,932412.0,TWIN CITY OPTICAL,1
450255.0,931140.0,BASIC INDUSTRIES,1
450258.0,930713.0,MINUTEMAN INTERNATIONAL MULTI-CLEAN DIV,1
450259.0,931109.0,TRAN ELECTRONICS CORP,1
450259.0,931129.0,WOLKERSTORFER CO INC,1
450300.0,932333.0,CINCH,1
450301.0,930923.0,INTERNATIONAL PAPER CO,1
450302.0,933224.0,ALPANA ALUMINUM PRODS,1
450305.0,932349.0,ABELCONN LLC,1
450309.0,930152.0,NORDIC PAK INC,1
450310.0,932342.0,CLARIANT PLASTICS and COATINGS USA INC - MINNEAPOLIS FACILITY,1
450312.0,931611.0,SAFETRAN SYSTEMS CORP E-M DIV,1
450313.0,932354.0,PARKER HANNIFIN HPS,1
450315.0,930920.0,PHARMACIA DELTEC INC,1
450316.0,931114.0,MACGILLIS and GIBBS CO,1
450318.0,932356.0,CENTRAL STATES DIVERSIFIED,1
450326.0,931150.0,MICOM CORP,1
450330.0,931630.0,UNITED DEFENSE LP ARMAMENT SYSTEM DIV NAVY IND RESERVE,1
450333.0,933535.0,QX INC,1
450335.0,932454.0,HUTCHINSON TECHNOLOGY INC,1
450336.0,932440.0,BOSTON SCIENTIFIC PLYMOUTH TECHNOLOGY CENTER,1
450339.0,931631.0,QUEBECOR PRINTING,1
450339.0,940421.0,MUNSON LAKES NUTRITION LLC,1
450341.0,940336.0,DURA SUPREME,1
450342.0,931640.0,ECO FINISHING,1
450345.0,933540.0,TEMROC METALS INC,1
450347.0,931607.0,HB FULLER,1
450349.0,930254.0,CORTEC CORP,1
450349.0,932249.0,TK PRODS,1
450350.0,935827.0,KNIGHT COLORS and CHEMICALS CO,1
450351.0,930836.0,DELUXE CHECK PRINTERS INC,1
450352.0,931633.0,ATLAS MFG,1
450354.0,935626.0,KNIGHT COLORS and CHEMICALS CO,1
450357.0,930920.0,BOSTON SCIENTIFIC-CRM,1
450359.0,931602.0,AMERICAN CONVERTERS INC,1
450359.0,931611.0,LAKELAND CHEMICAL CORP,1
450400.0,901500.0,MEDTRONIC INC NEUROLOGICAL DIV,1
450401.0,931108.0,AQSEPTENCE GROUP INC,1
450403.0,931814.0,VISION-EASE LENS POLYCARBONATE OPS,1
450404.0,932323.0,THOMAS ENGINEERING CO,1
450405.0,930855.0,"CONTROL DATA CORP, ARDEN HILLS",1
450410.0,925810.0,PLASTECH CORP,1
450410.0,930137.0,UFP WHITE BEAR LAKE LLC,1
450411.0,930311.0,ACCU-TRONICS MANUFACTURING INC,1
450421.0,931059.0,"CELESTICA, INC.",1
450423.0,931108.0,"DARLING and CO, KEM MILLING CO DIV",1
450425.0,930404.0,ELECTRONIC INDUSTRIES INC,1
450430.0,931118.0,BELL LUMBER and POLE CO,1
450431.0,930245.0,CONTAINER GRAPHICS CORP,1
450437.0,931812.0,HIAWATHA RUBBER CO,1
450438.0,941837.0,NORTRONICS CO INC,1
450442.0,931744.0,LAMAUR CORP,1
450445.0,931800.0,MEDTRONIC ENERGY and COMPONENT CENTER,1
450448.0,941105.0,CTS CORP CONNECTOR DIV,1
450500.0,931400.0,MEDTRONIC INC,1
450500.0,931500.0,KURT MANUFACTURING CO,1
450500.0,932700.0,SCIMED LIFE SYS INC,1
450500.0,933000.0,DANA CORP SPICER OFF-HIGHWAY AXLE DIV,1
450500.0,933000.0,DANA CORP SPICER OFF-HIGHWAY PRODS DIV,1
450501.0,930500.0,SERVTRON CO,1
450504.0,930300.0,TRANE US INC,1
450505.0,930035.0,ASPEN RESEARCH CORPORATION,1
450505.0,931010.0,US ARMY TWIN CITIES ARMY AMMUNITION PLANT,1
450512.0,931120.0,E/M CORP,1
450517.0,931038.0,US ARMY TCAAP ALLIANT AMMUNITION SYSTEMS CO LLC,1
450521.0,932414.0,LSC COMMUNICATIONS / MAPLE GROVE,1
450526.0,932344.0,MENASHA PACKAGING NORTH STAR CONTAINER,1
450530.0,932419.0,SILENT KNIGHT,1
450538.0,932346.0,MEDTRONIC INC PERFUSION SYSTEMS,1
450546.0,932311.0,JOYNER'S DIE CASTING and PLATING INC,1
450547.0,942438.0,POLLOCK MANUFACTURING INC,1
450549.0,931558.0,FLEXCON CO INC,1
450552.0,931604.0,MINNCAST INC,1
450600.0,931500.0,MINCO PRODUCTS INC,1
450600.0,932900.0,RMS,1
450600.0,941100.0,TWIN CITIES ARMY AMMUNITION PLANT FEDERAL CARTRIDGE CO,1
450603.0,931536.0,CARTER DAY INTL INC,1
450603.0,931536.0,INCERTEC,1
450606.0,931616.0,DUGAS BOWERS PLATING CO,1
450613.0,931557.0,LARSEN'S MANUFACTURING CO,1
450616.0,943124.0,CUSTOM PRODUCTS OF LITCHFIELD INC,1
450620.0,931433.0,KURT MANUFACTURING CO,1
450620.0,950430.0,LAND O'LAKES PURINA FEED LLC - WILLMAR,1
450621.0,950430.0,HARVEST STATES CO-OP,1
450622.0,932405.0,LOWELL INC,1
450629.0,931425.0,ANCHOR/IBC,1
450630.0,932317.0,CATERPILLAR PAVING PRODUCTS INC,1
450632.0,931625.0,MCQUAY INTERNATIONAL,1
450634.0,950412.0,JENNIE-O TURKEY STORE WILLMAR,1
450641.0,931258.0,BEALKA CASTING INC,1
450641.0,932352.0,CERAM-TRAZ CORP CERAMIC INDL COATINGS,1
450642.0,931624.0,CUSTOM CAST CORP,1
450645.0,931607.0,MICRO CONTROL CO,1
450649.0,931839.0,SPACE TABLES,1
450653.0,931556.0,INTERNATIONAL BLENDING CORP,1
450655.0,932519.0,ADVANCED CIRCUITS MINNESOTA,1
450657.0,950406.0,MOLENAAR INC,1
450659.0,932307.0,TECHNICAL RESIN PACKAGING,1
450659.0,932505.0,UNIVERSAL PLASTICS INC,1
450702.0,932306.0,MIDWEST FINISHING INC.,1
450705.0,931544.0,STYLMARK INC,1
450705.0,934400.0,DIVERSIFOAM PRODUCTS,1
450706.0,932448.0,WELLS CONCRETE,1
450707.0,931602.0,INCERTEC,1
450710.0,930315.0,SCHWING AMERICA INC,1
450715.0,950312.0,JENNIE-O FOODS INC,1
450722.0,932520.0,ZENITH PRODUCTS CO,1
450726.0,950543.0,PALS INC,1
450727.0,950457.0,CENTRAL MINNESOTA FABRICATING INC,1
450729.0,943030.0,"INNOVEX, INC",1
450730.0,943145.0,ANDERSON CHEMICAL CO,1
450735.0,943141.0,TOWMASTER INC,1
450750.0,931630.0,HONEYWELL AEROSPACE COON RAPIDS,1
450753.0,931030.0,PLASTI DIP INTERNATIONAL,1
450755.0,950130.0,TROUW NUTRITION USA LLC,1
450756.0,931644.0,RAMSEY TECHNOLOGY INC,1
450757.0,931615.0,STERIS INC,1
450758.0,931621.0,ALUMIPLATE INC,1
450800.0,931635.0,MIDWEST FINISHING INC,1
450800.0,950800.0,WILLMAR POULTRY CO INC (DBA PALS),1
450812.0,931327.0,SAFETY-KLEEN SYSTEMS BLAINE (BLA),1
450817.0,930008.0,DYNA GLASS INC,1
450819.0,944612.0,JENNIE O TURKEY STORE ATWATER FEEDMILL,1
450820.0,931355.0,CYLINDER CITY INC,1
450820.0,931355.0,PARKER HANNIFIN CORP MOBILE CYLINDER DIV,1
450828.0,931356.0,ARROW CRYOGENICS,1
450830.0,930014.0,LOAD MASTER LUBRICANTS,1
450830.0,931012.0,WILSON TOOL INTL INC,1
450842.0,931732.0,JOHN ROBERTS CO,1
450850.0,943218.0,PALM INDUSTRIES INC,1
450906.0,944050.0,PALM MFG and SALES,1
450909.0,944048.0,PRECISION FIBERGLASS PRODUCTS LTD,1
450930.0,931000.0,ATandT NCR NETWORK PRODUCTS DIV,1
450938.0,931405.0,PLEXUS CORP BMN,1
450942.0,931009.0,PLASTI DIP INTERNATIONAL,1
450945.0,930118.0,AD GRAPHICS,1
451010.0,935252.0,HONEYWELL ELECTRONIC MATERIALS INC,1
451046.0,931803.0,JOHN DEERE CYLINDE DIV MINNEAPOLIS,1
451049.0,931824.0,BTW INC,1
451127.0,933221.0,GRACO MINNESOTA INC-KOCH CENTER,1
451155.0,932216.0,FEDERAL CARTRIDGE CO,1
451155.0,932326.0,PROFESSIONAL PLATING INC,1
451202.0,932227.0,NVENT HOFFMAN,1
451210.0,932212.0,NVENT HOFFMAN,1
451231.0,933328.0,FLEX-O-PRINT,1
451235.0,932300.0,LAKELAND TOOL and ENGINEERING INC,1
451249.0,932503.0,IMI CORNELIUS INC,1
451300.0,932425.0,BALLANTINE - DIV OF US TSUBAKI,1
451313.0,932626.0,AIRGAS NORTH CENTRAL INC,1
451321.0,932459.0,MATE PRECISION TOOLING,1
451322.0,932525.0,LUND INDUSTRIES INC,1
451329.0,932436.0,FIRESTONE METAL PRODUCTS,1
451330.0,932400.0,MENTOR CORP,1
451350.0,932610.0,ALTRON INC,1
451350.0,932645.0,VISION-EASE LENS INC,1
451402.0,935900.0,SUN PATIO/ WARRIOR BOATS,1
451524.0,924812.0,NICKELSON PLASTICS,1
451549.0,273029.0,HUBBARD MILLING CO,1
451600.0,931400.0,KNAPP WOODWORKING INC,1
451644.0,934654.0,POWER PROCESS EQUIPMENT,1
451728.0,934725.0,STANDARD IRON and WIRE WORKS INC,1
451735.0,934706.0,TWIN CITY DIE CASTINGS CO,1
451741.0,953229.0,CNH INDUSTRIAL AMERICA LLC,1
451750.0,950358.0,LAKESIDE FOODS INC,1
451814.0,934751.0,CARGILL KITCHEN SOLUTIONS INC,1
451816.0,945505.0,TRINITY INDUSTRIES INC,1
451820.0,904738.0,BONDHUS CORP,1
451836.0,962627.0,MIN-DAK BEVERAGES INC,1
451838.0,953715.0,LORAL INC,1
451902.0,933517.0,TESCOM,1
451930.0,930005.0,DIVERSIFIED PRODUCTS INC,1
451931.0,930006.0,SUNRISE FIBERGLASS LLC,1
451940.0,953754.0,CHIPPEWA VALLEY ETHANOL CO,1
451956.0,934352.0,CARGILL ANIMAL NUTRITION,1
452000.0,930000.0,SUNRISE FIBERGLASS CORP,1
452200.0,935340.0,XCEL ENERGY SHERBURNE COUNTY GENERATING PLANT,1
452227.0,944222.0,ASSOCIATED MILK PRODUCERS INC,1
452250.0,944244.0,CROMWELL MOLDING,1
452300.0,935230.0,LIBERTY PAPER INC,1
452305.0,944226.0,WET JET INTERNATIONAL LTD,1
452307.0,934614.0,LIFE FITNESS A DIV OF BRUNSWICK CORP,1
452307.0,934614.0,LIFE FITNESS CONSUMER DIV,1
452400.0,932900.0,ALLIANT TECHSYSTEMS PROVING GROUND,1
452512.0,932510.0,CROWN FIXTURES INC,1
452705.0,942829.0,COLDSPRING,1
452714.0,942527.0,COLD SPRING GRANITE - MAIN PLA NT,1
452720.0,942546.0,COLD SPRING GRANITE FOUNDRY,1
453050.0,944226.0,WET JET INTERNATIONAL LTD,1
453104.0,930209.0,PRODUCT FABRICATORS INC,1
453118.0,940955.0,ANTIOCH CO,1
453235.0,925745.0,CHINOOK GROUP INC,1
453243.0,940326.0,CENTRAL MARBLE PRODUCTS INC,1
453245.0,933600.0,US DISTILLED PRODS CO,1
453246.0,925838.0,ZINPRO CORP,1
453300.0,940800.0,MINNESOTA CORRECTIONAL FACILITY,1
453310.0,933523.0,CRYSTAL CABINET WORKS INC -- PRINCETON,1
453310.0,941305.0,GREDE LLC SAINT CLOUD,1
453328.0,941456.0,NAHAN PRINTING INC,1
453332.0,933122.0,WESTLING MFG,1
453333.0,933636.0,SMITH SYSTEM MFG CO,1
453340.0,933632.0,CRYSTAL COMMERCIAL DIV,1
453345.0,931312.0,CANADIAN HARVEST USA,1
453350.0,941340.0,DCI INC,1
453355.0,941519.0,NORTHERN WIRE PRODUCTS DESIGNER WOOD PRODUCTS,1
453400.0,940820.0,VISION-EASE LENS,1
453400.0,941000.0,LANTZ LENSES INC,1
453400.0,941300.0,WIMAN CORP,2
453407.0,931309.0,CAMBRIDGE METALS and PLASTICS,1
453416.0,931258.0,TEAM INDUSTRIES-CAMBRIDGE,1
453436.0,940228.0,QUEBECOR WORLD ST CLOUD,1
453437.0,940525.0,STONE PRODUCTS INC,1
453440.0,940919.0,X-CEL OPTICAL CO,1
453451.0,931255.0,ARROW TANK and ENGINEERING CO,1
453459.0,955500.0,DENCO II LLC,1
453500.0,940300.0,DESIGN LINE CABINETS,1
453500.0,940830.0,DESIGN LINE CABINETS,1
453500.0,942456.0,NEW FLYER OF AMERICA,1
453501.0,952201.0,CLYDE MACHINES INC,1
453609.0,942652.0,NOVA FABRICATING INC,1
453617.0,931744.0,HUOT MANUFACTURING CO,1
453700.0,941230.0,DEZURIK INC,1
453712.0,941206.0,VERSO PAPER CORP. - SARTELL MILL,1
453737.0,952225.0,"WASP INC, BLUE BUILDING",1
453737.0,952225.0,"WASP INC, TRUCK SHOP",1
453747.0,943525.0,THE KRAFT HEINZ CO,1
453804.0,944511.0,CARSTENS INDUSTRIES INC,1
453944.0,932419.0,LAND O'LAKES INC DALBO,1
454000.0,935517.0,GORECKI MFG INC,1
454013.0,944800.0,KRAFT INC,1
454013.0,944800.0,LAND O'LAKES - MELROSE DAIRY PROTEINS LLC,1
454025.0,944802.0,JENNIE-O TURKEY STORE - MELROSE,1
454036.0,941729.0,VIKING WATERBEDS INC,1
454410.0,945744.0,STANDARD IRON and WIRE WORKS INC.,1
454446.0,942216.0,POLAR TANK TRAILER,1
454515.0,933913.0,LAND O'LAKES INC,1
454640.0,932136.0,HEAT-N-GLO,1
454730.0,931530.0,LUND INDUSTRIES INC,1
454748.0,965915.0,HIREL SYSTEMS LLC-MARSHALL,1
454900.0,925800.0,3M CO PINE CITY PLANT,1
455000.0,952300.0,CENTRAL SPECIALTIES INC HOT MIX PLANT 1,1
455127.0,952356.0,STANDARD IRON and WIRE WORKS INC,1
455209.0,952232.0,3M CO-ALEXANDRIA,1
455250.0,931635.0,ENGINEERED POLYMERS CORP,1
455307.0,952325.0,HUBBARD FEEDS INC,1
455310.0,931618.0,BWHC/BLUEWATER,1
455310.0,931618.0,FORRESTER BOX CO INC,1
455330.0,930705.0,MBC HOLDING CO,1
455330.0,952330.0,ALEXANDRIA EXTRUSION CO,1
455420.0,952000.0,SUNOPTA GRAINS and FOODS,1
455438.0,955324.0,TWF INDUSTRIES INC,1
455656.0,942049.0,HENNEPIN PAPER CO,1
455730.0,933730.0,WEST TECH INC,1
455750.0,930415.0,STROH BREWERY CO,1
455835.0,945723.0,LONG PRAIRIE PACKING CO,1
455858.0,942121.0,CRESTLINER,1
455900.0,942110.0,ANDERSON CUSTOM PROCESSING INC,1
455900.0,942200.0,WABASH NATIONAL,1
455928.0,942224.0,DESIGNER WOOD PRODUCTS,1
455952.0,945136.0,CENTRAL BI-PRODUCTS,1
460130.0,942011.0,CENTRAL MN RENEWABLES,1
460500.0,955156.0,LAND O'LAKES INC,1
460823.0,932804.0,MERIT ENTERPRISES INC,1
461609.0,950356.0,SUNOPTA INGREDIENTS,1
461652.0,960512.0,DAIRY FARMERS OF AMERICA INC,1
461724.0,960234.0,OTTER TAIL POWER CO HOOT LAKE PLANT,1
461740.0,960550.0,QUALITY CIRCUITS INC,1
461749.0,960609.0,BANNER ENGINEERING CORP,1
461948.0,941123.0,IMAGE,1
461955.0,941149.0,KEYSTONE AUTOMOTIVE INDUSTRIES MINNESOTA INC,1
462011.0,941121.0,LARCO MANUFACTURING,1
462145.0,944730.0,3M CO STAPLES PLANT,1
462200.0,940855.0,A-TEK INC,1
462211.0,941020.0,ATEK PRODUCTS LLC,1
462220.0,944755.0,STERN RUBBER CO,1
462233.0,941053.0,WAUSAU PAPER MILLS LLC,1
462305.0,935222.0,PARKER HANNIFIN,1
462453.0,941656.0,MAC MANUFACTURING INC,1
462619.0,935855.0,ILEVEL BY WEYERHAEUSER,1
462636.0,950814.0,HOMECREST INDUSTRIES INC,1
462852.0,935815.0,ULTRANAUTICS CORP,1
463015.0,924210.0,SPECIALTY MINERALS INC,2
463131.0,952222.0,BRUNSWICK NEW YORK MILLS OPERATIONS,1
463535.0,953434.0,DOANE PET CARE CO,1
463605.0,953422.0,BARREL O'FUN SNACK FOODS CO,1
463605.0,953422.0,BONGARDS' CREAMERIES PERHAM,1
463700.0,960616.0,WEST CENTRAL TURKEYS LLC,1
463943.0,922532.0,CHEMSTAR PRODUCTS CO,1
463954.0,921318.0,ME GLOBAL INC,1
464052.0,921337.0,DULUTH BRASS MANUFACTURING INC,1
464230.0,921200.0,TATE and LYLE DULUTH,1
464323.0,922619.0,SAPPI CLOQUET LLC,1
464327.0,922803.0,USG INTERIORS LLC,1
464341.0,920108.0,DULUTH BRASS and ALUMINUM CO,1
464345.0,922640.0,DIAMOND BRANDS INC,1
464400.0,950555.0,SALO MANUFACTURING INC,1
464445.0,920933.0,DULUTH PAPER MILL,1
464513.0,920555.0,INNOVATIVE PINE TECHNOLOGY INC,1
464532.0,920715.0,GERDAU AMERISTEEL US INC,1
464557.0,920824.0,ABC RAIL PRODUCTS CORP,1
464605.0,920730.0,FRANKLIN FOODS,1
464620.0,920640.0,GEORGIA PACIFIC WOOD PRODUCTS LLC,1
464650.0,929211.0,DIAMOND TOOL and HORSESHOE CO,1
464757.0,955545.0,S J ELECTRO SYSTEMS INC,1
464851.0,954941.0,LAND O'LAKES PURINA FEED LLC - DETROIT LAKES,1
464900.0,954950.0,SWIFT-ECKRICH INC,1
464949.0,943030.0,EVELANDS INC,1
465018.0,955012.0,TEAM INDUSTRIES PARKRAPIDS DL INC,1
465046.0,921022.0,US AIR FORCE DULUTH MN ANG,1
465112.0,964419.0,BUSCH AGRICULTURAL RESOURCES LLC,1
465130.0,962403.0,DOUGLAS MACHINE INC,1
465132.0,964445.0,AMOCO OIL MOORHEAD TERMINAL,1
465212.0,955853.0,TEAM INDUSTRIES-AUDUBON,1
465310.0,950345.0,LAMB-WESTON/RDO FROZEN,1
465402.0,964541.0,AMERICAN CRYSTAL SUGAR CO,1
465425.0,950359.0,TEAM INDUSTRIES PARK RAPIDS,1
470000.0,944500.0,WARNER MFG CO,1
470215.0,914000.0,LOUISIANA-PACIFIC TWO HARBORS SIDING,1
470245.0,913959.0,STANLEY HYDRAULIC TOOLS,1
471345.0,933413.0,AINSWORTH ENGINEERED LLC,1
471356.0,933148.0,BLANDIN PAPER CO,1
471500.0,933716.0,BOSWELL ENERGY CENTER,1
472000.0,925000.0,NORTHERN FOUNDRY,1
472248.0,925059.0,KIMBALL ELECTRONICS HIBBING,1
472312.0,944515.0,POTLATCHDELTIC LAND and LUMBER LLC - BEMIDJI LUMBERMILL,1
472325.0,944448.0,AINSWORTH ENGINEERED (USA) LLC,1
472417.0,925527.0,LandM RADIATOR INC,1
472435.0,925521.0,NOBLE INDUSTRIES LTD,1
472447.0,925514.0,IRATHANE SYSTEMS-MINNESOTA LLC,1
472550.0,924959.0,VIKING EXPLOSIVES LLC,1
472550.0,925607.0,HIBBING PUBLIC UTILITIES COMMISSION,1
472700.0,945200.0,CORE CRAFT INC,1
472740.0,942420.0,COLD SPRINGS PROCESSING PLANT GOLD'N PLUMP POULTRY INC,1
472800.0,923100.0,MALTON EQUIPMENT COMPANY,1
472856.0,925249.0,MN TWIST DRILL AQUISITION LLC,1
473002.0,923311.0,BORDEN CHEMICAL INC VIRGINIA PLANT,1
473034.0,975601.0,GEORGIA-PACIFIC CORP,1
473048.0,950500.0,NORBORD MINNESOTA INC,1
473051.0,923151.0,STAVER FOUNDRY INC,1
473134.0,922002.0,DYNO NOBEL INC,1
473150.0,905450.0,TACONITE HARBOR ENERGY CENTER,1
473150.0,920933.0,LASKIN ENERGY CENTER,1
473450.0,954538.0,J RETTENMAIER USA LP,1
473922.0,943949.0,LAND O LAKES WOOD PRESERVING CO,1
474544.0,963723.0,NEW FLYER OF AMERICA INC,1
474550.0,963800.0,AMERICAN CRYSTAL SUGAR CO,1
474552.0,963728.0,PHOENIX INDUSTRIES OF CROOKSTO N LTD,1
474747.0,923939.0,AINSWORTH ENGINEERED USA LLC COOK OSB,1
474859.0,941426.0,DAIKIN APPLIED OWATONNA MN,1
475625.0,970013.0,AMERICAN CRYSTAL SUGAR CO,1
480309.0,961100.0,HYDRA-MAC INC,1
480648.0,961132.0,ARCTIC CAT INC,1
480730.0,961037.0,COUNTRY LAKE FOODS INC BRIDGEMAN DIV,1
481000.0,935200.0,PAGE and HILL FOREST PRODUCTS INC,1
481018.0,964547.0,NORDIC FIBERGLASS INC,1
483630.0,932420.0,BOISE WHITE PAPER LLC,1
483630.0,932420.0,INTERNATIONAL BILDRITE INC,1
484247.0,943610.0,ANI PHARMACEUTICALS BAUDETTE MAIN STREET FACILITY,1
485127.0,954116.0,POLARIS INDUSTRIES INC,1
485450.0,951926.0,MARVIN LUMBER and CEDAR CO,1
491730.0,924000.0,ARISTOKRAFT PLANT 9,1
554127.0,930717.0,METALCOTE GREASE and OIL CO,1
920000.0,464500.0,LOUIS KEMP SEAFOOD CO,1
930317.0,450220.0,H B FULLER CO INDUSTRIAL COATINGS DIV,1
931000.0,445500.0,CROWN BEVERAGE PACKAGING INC,1
932451.0,445250.0,MAGNETIC DATA INC,1
932451.0,445501.0,REUTER MANUFACTURING INC,1
932515.0,450705.0,COOK COMPOSITES and POLYMERS CO,1
945900.0,543800.0,ASTORIA INDUSTRIES INC,1
